acc_id,share_id,txn_type,txn_code,share_price,quantity,total_amount,txn_date,exchange
ACC0021,HDFC,BUY,TXN00001,273.75,7,1916.25,2024-09-17,NSE
ACC0021,INFY,BUY,TXN00002,468.45,9,4216.05,2025-09-28,NSE
ACC0021,SBIN,BUY,TXN00003,256.65,16,4106.4,2025-01-15,NSE
ACC0021,TCS,BUY,TXN00004,446.75,6,2680.5,2024-08-26,NSE
ACC0021,TCS,BUY,TXN00005,304.28,6,1825.68,2025-07-22,NSE
ACC0021,SBIN,BUY,TXN00006,432.59,19,8219.21,2025-04-22,NSE
ACC0021,INFY,BUY,TXN00007,273.72,20,5474.4,2023-07-20,NSE
ACC0021,RELIANCE,BUY,TXN00008,122.6,8,980.8,2025-03-28,NSE
ACC0021,HDFC,BUY,TXN00009,370.31,19,7035.89,2024-11-02,NSE
ACC0021,RELIANCE,BUY,TXN00010,460.99,8,3687.92,2025-03-27,NSE
ACC0021,ICICI,BUY,TXN00011,317.54,11,3492.94,2025-11-27,NSE
ACC0021,TCS,BUY,TXN00012,452.78,15,6791.7,2025-04-16,NSE
ACC0021,HDFC,BUY,TXN00013,309.69,3,929.07,2025-07-09,NSE
ACC0021,TCS,BUY,TXN00014,257.1,9,2313.9,2025-03-09,NSE
ACC0021,TCS,SELL,TXN00015,193.14,19,3669.66,2024-01-17,NSE
ACC0021,ICICI,SELL,TXN00016,415.51,16,6648.16,2025-08-20,NSE
ACC0021,TCS,SELL,TXN00017,288.82,4,1155.28,2023-11-16,NSE
ACC0022,INFY,BUY,TXN00018,334.01,1,334.01,2024-11-11,NSE
ACC0022,RELIANCE,BUY,TXN00019,110.09,7,770.63,2024-04-01,NSE
ACC0022,RELIANCE,BUY,TXN00020,240.26,19,4564.94,2024-01-02,NSE
ACC0022,HDFC,BUY,TXN00021,310.73,1,310.73,2025-04-18,NSE
ACC0022,ICICI,BUY,TXN00022,357.52,7,2502.64,2025-08-13,NSE
ACC0022,SBIN,BUY,TXN00023,200.37,17,3406.29,2026-03-24,NSE
ACC0022,TCS,BUY,TXN00024,256.93,12,3083.16,2026-03-20,NSE
ACC0022,HDFC,BUY,TXN00025,496.59,4,1986.36,2025-07-02,NSE
ACC0022,TCS,BUY,TXN00026,106.35,20,2127.0,2023-08-25,NSE
ACC0022,ICICI,BUY,TXN00027,466.71,3,1400.13,2025-10-04,NSE
ACC0022,SBIN,BUY,TXN00028,332.22,20,6644.4,2026-01-28,NSE
ACC0022,TCS,BUY,TXN00029,401.63,12,4819.56,2026-02-15,NSE
ACC0022,SBIN,BUY,TXN00030,275.88,7,1931.16,2024-05-21,NSE
ACC0022,ICICI,BUY,TXN00031,322.98,12,3875.76,2025-06-02,NSE
ACC0022,SBIN,BUY,TXN00032,185.44,19,3523.36,2024-08-28,NSE
ACC0022,SBIN,BUY,TXN00033,488.62,6,2931.72,2025-08-18,NSE
ACC0022,SBIN,BUY,TXN00034,145.23,11,1597.53,2024-12-14,NSE
ACC0022,ICICI,BUY,TXN00035,402.09,9,3618.81,2023-11-19,NSE
ACC0022,INFY,BUY,TXN00036,281.62,9,2534.58,2023-08-30,NSE
ACC0022,ICICI,BUY,TXN00037,245.41,6,1472.46,2024-11-27,NSE
ACC0022,RELIANCE,BUY,TXN00038,106.52,10,1065.2,2023-10-13,NSE
ACC0022,HDFC,BUY,TXN00039,265.52,2,531.04,2026-03-03,NSE
ACC0022,SBIN,BUY,TXN00040,365.22,1,365.22,2024-03-27,NSE
ACC0022,HDFC,SELL,TXN00041,418.13,17,7108.21,2023-11-13,NSE
ACC0022,ICICI,SELL,TXN00042,134.82,2,269.64,2026-02-01,NSE
ACC0022,RELIANCE,SELL,TXN00043,454.36,1,454.36,2025-01-01,NSE
ACC0022,RELIANCE,SELL,TXN00044,465.98,2,931.96,2025-11-03,NSE
ACC0023,TCS,BUY,TXN00045,195.17,2,390.34,2026-02-24,NSE
ACC0023,SBIN,BUY,TXN00046,364.46,2,728.92,2024-03-28,NSE
ACC0023,SBIN,BUY,TXN00047,390.58,16,6249.28,2025-06-27,NSE
ACC0023,ICICI,BUY,TXN00048,141.27,8,1130.16,2024-08-19,NSE
ACC0023,INFY,BUY,TXN00049,157.74,1,157.74,2023-07-11,NSE
ACC0023,SBIN,BUY,TXN00050,324.29,1,324.29,2025-12-11,NSE
ACC0023,SBIN,BUY,TXN00051,328.48,9,2956.32,2024-04-04,NSE
ACC0023,SBIN,BUY,TXN00052,228.96,13,2976.48,2026-01-07,NSE
ACC0023,INFY,BUY,TXN00053,282.1,8,2256.8,2024-12-19,NSE
ACC0023,RELIANCE,BUY,TXN00054,413.6,20,8272.0,2025-09-14,NSE
ACC0023,SBIN,BUY,TXN00055,430.15,14,6022.1,2024-08-04,NSE
ACC0023,ICICI,BUY,TXN00056,296.75,13,3857.75,2024-04-11,NSE
ACC0023,SBIN,BUY,TXN00057,451.4,9,4062.6,2023-12-30,NSE
ACC0023,RELIANCE,BUY,TXN00058,172.07,5,860.35,2025-02-25,NSE
ACC0023,ICICI,BUY,TXN00059,397.9,1,397.9,2024-01-20,NSE
ACC0023,HDFC,BUY,TXN00060,246.61,1,246.61,2024-02-11,NSE
ACC0023,SBIN,BUY,TXN00061,222.45,1,222.45,2024-08-13,NSE
ACC0023,TCS,SELL,TXN00062,210.13,8,1681.04,2023-09-25,NSE
ACC0024,RELIANCE,BUY,TXN00063,426.86,3,1280.58,2023-10-28,NSE
ACC0024,SBIN,BUY,TXN00064,239.35,9,2154.15,2023-11-03,NSE
ACC0024,ICICI,BUY,TXN00065,300.91,14,4212.74,2024-08-06,NSE
ACC0024,INFY,BUY,TXN00066,472.68,3,1418.04,2023-07-28,NSE
ACC0024,TCS,BUY,TXN00067,458.29,2,916.58,2025-07-05,NSE
ACC0024,INFY,BUY,TXN00068,311.86,2,623.72,2024-11-22,NSE
ACC0024,SBIN,BUY,TXN00069,120.62,11,1326.82,2025-08-27,NSE
ACC0024,SBIN,BUY,TXN00070,318.18,3,954.54,2024-06-30,NSE
ACC0024,SBIN,BUY,TXN00071,316.87,12,3802.44,2026-01-20,NSE
ACC0024,TCS,BUY,TXN00072,488.57,4,1954.28,2024-03-08,NSE
ACC0024,TCS,BUY,TXN00073,450.42,13,5855.46,2024-11-05,NSE
ACC0024,ICICI,BUY,TXN00074,161.72,20,3234.4,2023-09-25,NSE
ACC0024,ICICI,BUY,TXN00075,126.04,1,126.04,2024-04-04,NSE
ACC0024,RELIANCE,SELL,TXN00076,270.97,9,2438.73,2024-03-24,NSE
ACC0024,SBIN,SELL,TXN00077,396.06,1,396.06,2025-02-01,NSE
ACC0024,HDFC,SELL,TXN00078,292.06,1,292.06,2023-08-26,NSE
ACC0024,HDFC,SELL,TXN00079,105.39,3,316.17,2026-01-03,NSE
ACC0025,HDFC,BUY,TXN00080,209.13,18,3764.34,2026-01-14,NSE
ACC0025,INFY,BUY,TXN00081,188.61,16,3017.76,2025-04-25,NSE
ACC0025,HDFC,BUY,TXN00082,304.95,16,4879.2,2025-12-29,NSE
ACC0025,INFY,BUY,TXN00083,486.4,7,3404.8,2025-09-25,NSE
ACC0025,INFY,BUY,TXN00084,175.69,15,2635.35,2025-03-24,NSE
ACC0025,INFY,BUY,TXN00085,357.98,15,5369.7,2024-09-30,NSE
ACC0025,SBIN,BUY,TXN00086,437.85,16,7005.6,2025-07-13,NSE
ACC0025,ICICI,BUY,TXN00087,335.12,7,2345.84,2024-05-21,NSE
ACC0025,TCS,BUY,TXN00088,293.15,3,879.45,2023-09-25,NSE
ACC0025,SBIN,BUY,TXN00089,354.17,3,1062.51,2023-11-13,NSE
ACC0025,SBIN,BUY,TXN00090,268.92,12,3227.04,2025-11-03,NSE
ACC0025,RELIANCE,BUY,TXN00091,241.13,6,1446.78,2024-04-14,NSE
ACC0025,SBIN,BUY,TXN00092,158.4,1,158.4,2023-12-31,NSE
ACC0025,TCS,BUY,TXN00093,108.36,2,216.72,2024-06-29,NSE
ACC0025,ICICI,SELL,TXN00094,244.94,2,489.88,2025-04-12,NSE
ACC0025,ICICI,SELL,TXN00095,180.68,2,361.36,2025-07-15,NSE
ACC0025,INFY,SELL,TXN00096,427.33,15,6409.95,2023-11-09,NSE
ACC0025,RELIANCE,SELL,TXN00097,155.57,4,622.28,2023-09-22,NSE
ACC0025,INFY,SELL,TXN00098,400.01,3,1200.03,2024-02-08,NSE
ACC0026,SBIN,BUY,TXN00099,417.76,12,5013.12,2025-09-22,NSE
ACC0026,HDFC,BUY,TXN00100,394.36,4,1577.44,2024-06-14,NSE
ACC0026,ICICI,BUY,TXN00101,452.28,18,8141.04,2025-06-20,NSE
ACC0026,ICICI,BUY,TXN00102,154.95,18,2789.1,2024-12-15,NSE
ACC0026,SBIN,BUY,TXN00103,273.95,14,3835.3,2026-01-20,NSE
ACC0026,TCS,BUY,TXN00104,303.43,20,6068.6,2025-08-13,NSE
ACC0026,INFY,BUY,TXN00105,292.34,19,5554.46,2023-09-21,NSE
ACC0026,RELIANCE,BUY,TXN00106,241.88,8,1935.04,2025-04-09,NSE
ACC0026,ICICI,BUY,TXN00107,208.65,6,1251.9,2024-04-30,NSE
ACC0026,ICICI,BUY,TXN00108,381.39,17,6483.63,2025-08-14,NSE
ACC0026,INFY,BUY,TXN00109,158.88,3,476.64,2024-06-09,NSE
ACC0026,SBIN,BUY,TXN00110,134.92,11,1484.12,2023-07-30,NSE
ACC0026,SBIN,BUY,TXN00111,390.51,12,4686.12,2024-11-13,NSE
ACC0026,SBIN,BUY,TXN00112,179.15,14,2508.1,2025-11-12,NSE
ACC0026,HDFC,BUY,TXN00113,277.46,14,3884.44,2026-02-15,NSE
ACC0026,INFY,BUY,TXN00114,244.64,2,489.28,2024-11-22,NSE
ACC0026,SBIN,BUY,TXN00115,169.96,1,169.96,2025-10-22,NSE
ACC0026,INFY,BUY,TXN00116,356.84,6,2141.04,2023-11-10,NSE
ACC0026,SBIN,BUY,TXN00117,498.37,1,498.37,2024-02-09,NSE
ACC0026,SBIN,SELL,TXN00118,389.66,19,7403.54,2025-06-25,NSE
ACC0026,RELIANCE,SELL,TXN00119,242.12,4,968.48,2023-08-28,NSE
ACC0026,TCS,SELL,TXN00120,321.91,9,2897.19,2026-02-15,NSE
ACC0026,RELIANCE,SELL,TXN00121,164.57,2,329.14,2024-08-28,NSE
ACC0026,RELIANCE,SELL,TXN00122,361.77,1,361.77,2025-09-16,NSE
ACC0027,ICICI,BUY,TXN00123,442.57,1,442.57,2025-12-28,NSE
ACC0027,TCS,BUY,TXN00124,424.76,15,6371.4,2023-07-14,NSE
ACC0027,ICICI,BUY,TXN00125,130.19,20,2603.8,2024-08-12,NSE
ACC0027,TCS,BUY,TXN00126,247.57,11,2723.27,2023-11-01,NSE
ACC0027,SBIN,BUY,TXN00127,481.56,10,4815.6,2025-01-11,NSE
ACC0027,HDFC,BUY,TXN00128,470.08,9,4230.72,2024-04-17,NSE
ACC0027,TCS,BUY,TXN00129,379.58,10,3795.8,2023-09-04,NSE
ACC0027,SBIN,BUY,TXN00130,229.04,5,1145.2,2026-01-11,NSE
ACC0027,SBIN,BUY,TXN00131,344.6,16,5513.6,2024-07-01,NSE
ACC0027,TCS,BUY,TXN00132,361.16,18,6500.88,2024-01-12,NSE
ACC0027,RELIANCE,BUY,TXN00133,133.38,4,533.52,2025-07-31,NSE
ACC0027,TCS,BUY,TXN00134,241.82,4,967.28,2024-06-11,NSE
ACC0027,INFY,BUY,TXN00135,318.28,19,6047.32,2024-06-09,NSE
ACC0027,TCS,BUY,TXN00136,320.08,19,6081.52,2025-01-20,NSE
ACC0027,INFY,BUY,TXN00137,445.31,8,3562.48,2023-07-28,NSE
ACC0027,SBIN,BUY,TXN00138,292.47,6,1754.82,2024-11-04,NSE
ACC0027,INFY,SELL,TXN00139,191.25,11,2103.75,2025-09-13,NSE
ACC0028,TCS,BUY,TXN00140,406.33,7,2844.31,2023-07-30,NSE
ACC0028,SBIN,BUY,TXN00141,370.96,7,2596.72,2026-03-19,NSE
ACC0028,TCS,BUY,TXN00142,310.62,19,5901.78,2024-07-08,NSE
ACC0028,HDFC,BUY,TXN00143,145.7,15,2185.5,2025-12-16,NSE
ACC0028,RELIANCE,BUY,TXN00144,197.45,9,1777.05,2026-01-31,NSE
ACC0028,ICICI,BUY,TXN00145,159.09,20,3181.8,2025-06-06,NSE
ACC0028,RELIANCE,BUY,TXN00146,318.09,15,4771.35,2024-10-26,NSE
ACC0028,SBIN,BUY,TXN00147,175.6,3,526.8,2024-09-20,NSE
ACC0028,HDFC,SELL,TXN00148,449.13,12,5389.56,2025-05-13,NSE
ACC0028,RELIANCE,SELL,TXN00149,255.75,5,1278.75,2025-05-21,NSE
ACC0028,SBIN,SELL,TXN00150,311.44,1,311.44,2023-12-11,NSE
ACC0028,SBIN,SELL,TXN00151,295.12,17,5017.04,2025-06-01,NSE
ACC0028,SBIN,SELL,TXN00152,389.96,2,779.92,2024-02-18,NSE
ACC0028,ICICI,SELL,TXN00153,465.61,4,1862.44,2024-05-01,NSE
ACC0028,HDFC,SELL,TXN00154,479.13,1,479.13,2026-02-11,NSE
ACC0029,HDFC,BUY,TXN00155,382.98,1,382.98,2023-07-18,NSE
ACC0029,RELIANCE,BUY,TXN00156,110.49,3,331.47,2023-12-28,NSE
ACC0029,RELIANCE,BUY,TXN00157,438.62,12,5263.44,2024-10-17,NSE
ACC0029,ICICI,BUY,TXN00158,193.26,8,1546.08,2026-03-30,NSE
ACC0029,INFY,BUY,TXN00159,200.76,14,2810.64,2025-08-06,NSE
ACC0029,INFY,BUY,TXN00160,393.71,11,4330.81,2024-10-04,NSE
ACC0029,SBIN,BUY,TXN00161,257.47,16,4119.52,2025-09-01,NSE
ACC0029,SBIN,BUY,TXN00162,264.15,19,5018.85,2023-09-29,NSE
ACC0029,INFY,BUY,TXN00163,105.86,14,1482.04,2025-11-21,NSE
ACC0029,HDFC,BUY,TXN00164,479.44,1,479.44,2025-04-24,NSE
ACC0029,SBIN,SELL,TXN00165,425.16,9,3826.44,2023-12-18,NSE
ACC0029,RELIANCE,SELL,TXN00166,185.74,5,928.7,2025-12-11,NSE
ACC0029,SBIN,SELL,TXN00167,373.54,5,1867.7,2025-01-09,NSE
ACC0029,RELIANCE,SELL,TXN00168,183.16,5,915.8,2024-07-27,NSE
ACC0029,INFY,SELL,TXN00169,471.75,5,2358.75,2024-11-14,NSE
ACC0030,SBIN,BUY,TXN00170,259.49,2,518.98,2025-04-29,NSE
ACC0030,ICICI,BUY,TXN00171,399.06,11,4389.66,2024-10-20,NSE
ACC0030,INFY,BUY,TXN00172,303.73,16,4859.68,2024-07-02,NSE
ACC0030,TCS,BUY,TXN00173,252.45,13,3281.85,2024-06-07,NSE
ACC0030,INFY,BUY,TXN00174,198.97,12,2387.64,2025-07-26,NSE
ACC0030,HDFC,BUY,TXN00175,453.31,2,906.62,2023-07-12,NSE
ACC0030,HDFC,BUY,TXN00176,128.8,1,128.8,2024-02-18,NSE
ACC0030,INFY,SELL,TXN00177,460.17,19,8743.23,2023-12-10,NSE
ACC0030,TCS,SELL,TXN00178,219.85,5,1099.25,2024-08-09,NSE
ACC0030,SBIN,SELL,TXN00179,374.7,1,374.7,2025-12-07,NSE
ACC0030,SBIN,SELL,TXN00180,357.75,13,4650.75,2025-01-17,NSE
ACC0030,RELIANCE,SELL,TXN00181,123.02,1,123.02,2023-08-27,NSE
ACC0031,HDFC,BUY,TXN00182,470.01,16,7520.16,2025-10-22,NSE
ACC0031,INFY,BUY,TXN00183,148.42,5,742.1,2024-10-22,NSE
ACC0031,RELIANCE,BUY,TXN00184,367.28,5,1836.4,2025-03-23,NSE
ACC0031,SBIN,BUY,TXN00185,168.37,5,841.85,2023-11-04,NSE
ACC0031,ICICI,BUY,TXN00186,212.48,13,2762.24,2025-09-04,NSE
ACC0031,INFY,BUY,TXN00187,351.44,5,1757.2,2026-03-30,NSE
ACC0031,ICICI,BUY,TXN00188,303.14,13,3940.82,2024-06-11,NSE
ACC0031,HDFC,BUY,TXN00189,404.86,7,2834.02,2025-07-02,NSE
ACC0031,HDFC,BUY,TXN00190,179.95,20,3599.0,2025-06-02,NSE
ACC0031,SBIN,BUY,TXN00191,204.07,3,612.21,2024-08-07,NSE
ACC0031,RELIANCE,BUY,TXN00192,448.31,16,7172.96,2024-10-17,NSE
ACC0031,SBIN,BUY,TXN00193,485.42,10,4854.2,2026-02-02,NSE
ACC0031,TCS,BUY,TXN00194,163.32,16,2613.12,2026-01-09,NSE
ACC0031,HDFC,BUY,TXN00195,364.1,1,364.1,2024-01-16,NSE
ACC0031,SBIN,BUY,TXN00196,295.88,4,1183.52,2026-03-31,NSE
ACC0031,RELIANCE,BUY,TXN00197,302.84,4,1211.36,2025-06-08,NSE
ACC0031,ICICI,BUY,TXN00198,403.94,20,8078.8,2025-11-13,NSE
ACC0031,INFY,BUY,TXN00199,434.22,20,8684.4,2026-01-20,NSE
ACC0031,TCS,BUY,TXN00200,343.7,16,5499.2,2023-12-06,NSE
ACC0031,HDFC,BUY,TXN00201,406.81,2,813.62,2025-10-02,NSE
ACC0031,INFY,BUY,TXN00202,227.4,13,2956.2,2024-04-27,NSE
ACC0031,SBIN,BUY,TXN00203,396.17,1,396.17,2026-03-12,NSE
ACC0031,INFY,SELL,TXN00204,124.87,9,1123.83,2024-04-20,NSE
ACC0031,ICICI,SELL,TXN00205,255.07,9,2295.63,2025-05-05,NSE
ACC0031,INFY,SELL,TXN00206,126.36,2,252.72,2023-07-17,NSE
ACC0031,INFY,SELL,TXN00207,265.14,2,530.28,2025-11-08,NSE
ACC0031,INFY,SELL,TXN00208,434.38,1,434.38,2025-10-26,NSE
ACC0031,SBIN,SELL,TXN00209,296.95,1,296.95,2024-02-13,NSE
ACC0032,TCS,BUY,TXN00210,214.86,1,214.86,2026-02-02,NSE
ACC0032,HDFC,BUY,TXN00211,209.15,10,2091.5,2023-10-10,NSE
ACC0032,ICICI,BUY,TXN00212,359.27,15,5389.05,2025-02-19,NSE
ACC0032,INFY,BUY,TXN00213,163.87,8,1310.96,2023-12-28,NSE
ACC0032,ICICI,BUY,TXN00214,145.0,6,870.0,2023-07-15,NSE
ACC0032,INFY,BUY,TXN00215,351.26,15,5268.9,2024-02-29,NSE
ACC0032,INFY,BUY,TXN00216,319.83,17,5437.11,2025-06-05,NSE
ACC0032,INFY,BUY,TXN00217,453.06,1,453.06,2024-05-14,NSE
ACC0032,SBIN,BUY,TXN00218,491.13,6,2946.78,2026-03-23,NSE
ACC0032,SBIN,BUY,TXN00219,253.59,6,1521.54,2024-09-10,NSE
ACC0032,TCS,BUY,TXN00220,477.92,10,4779.2,2025-05-21,NSE
ACC0032,HDFC,BUY,TXN00221,359.45,8,2875.6,2023-08-09,NSE
ACC0032,TCS,BUY,TXN00222,251.71,17,4279.07,2026-02-21,NSE
ACC0032,HDFC,BUY,TXN00223,265.46,14,3716.44,2025-10-26,NSE
ACC0032,SBIN,BUY,TXN00224,415.73,20,8314.6,2023-12-09,NSE
ACC0032,INFY,BUY,TXN00225,377.1,16,6033.6,2025-07-28,NSE
ACC0032,HDFC,BUY,TXN00226,330.59,12,3967.08,2025-04-13,NSE
ACC0032,INFY,BUY,TXN00227,466.03,4,1864.12,2023-09-13,NSE
ACC0032,HDFC,BUY,TXN00228,447.54,1,447.54,2025-05-13,NSE
ACC0032,TCS,BUY,TXN00229,369.8,11,4067.8,2025-09-12,NSE
ACC0032,HDFC,BUY,TXN00230,266.15,3,798.45,2025-02-25,NSE
ACC0032,ICICI,BUY,TXN00231,162.74,3,488.22,2024-12-03,NSE
ACC0032,ICICI,SELL,TXN00232,406.46,11,4471.06,2025-01-16,NSE
ACC0032,HDFC,SELL,TXN00233,444.46,6,2666.76,2023-12-02,NSE
ACC0032,TCS,SELL,TXN00234,153.04,1,153.04,2025-01-21,NSE
ACC0033,SBIN,BUY,TXN00235,181.96,12,2183.52,2024-02-23,NSE
ACC0033,HDFC,BUY,TXN00236,158.08,14,2213.12,2025-03-21,NSE
ACC0033,RELIANCE,BUY,TXN00237,116.2,16,1859.2,2023-09-17,NSE
ACC0033,INFY,BUY,TXN00238,395.94,18,7126.92,2025-01-30,NSE
ACC0033,RELIANCE,BUY,TXN00239,186.49,1,186.49,2025-06-07,NSE
ACC0033,RELIANCE,BUY,TXN00240,358.62,2,717.24,2023-10-20,NSE
ACC0033,ICICI,BUY,TXN00241,497.32,5,2486.6,2024-01-14,NSE
ACC0033,SBIN,BUY,TXN00242,216.89,3,650.67,2023-08-22,NSE
ACC0033,ICICI,BUY,TXN00243,404.57,20,8091.4,2026-02-22,NSE
ACC0033,SBIN,BUY,TXN00244,340.97,11,3750.67,2023-09-03,NSE
ACC0033,ICICI,BUY,TXN00245,254.48,2,508.96,2024-01-17,NSE
ACC0033,ICICI,BUY,TXN00246,184.91,4,739.64,2025-09-04,NSE
ACC0033,INFY,BUY,TXN00247,201.69,17,3428.73,2024-04-20,NSE
ACC0033,HDFC,BUY,TXN00248,285.67,15,4285.05,2025-04-23,NSE
ACC0033,TCS,BUY,TXN00249,470.95,6,2825.7,2023-10-27,NSE
ACC0033,ICICI,BUY,TXN00250,119.32,10,1193.2,2023-11-10,NSE
ACC0033,INFY,BUY,TXN00251,345.41,7,2417.87,2024-12-11,NSE
ACC0033,SBIN,BUY,TXN00252,231.28,1,231.28,2025-06-11,NSE
ACC0033,TCS,BUY,TXN00253,236.61,14,3312.54,2025-08-21,NSE
ACC0033,RELIANCE,BUY,TXN00254,345.07,13,4485.91,2025-08-16,NSE
ACC0033,TCS,BUY,TXN00255,279.4,5,1397.0,2023-10-04,NSE
ACC0033,RELIANCE,BUY,TXN00256,388.93,2,777.86,2024-10-24,NSE
ACC0033,INFY,BUY,TXN00257,275.05,7,1925.35,2024-05-15,NSE
ACC0033,ICICI,BUY,TXN00258,354.15,3,1062.45,2025-12-17,NSE
ACC0033,INFY,SELL,TXN00259,132.96,17,2260.32,2025-04-27,NSE
ACC0033,INFY,SELL,TXN00260,413.23,13,5371.99,2023-11-21,NSE
ACC0033,SBIN,SELL,TXN00261,299.42,2,598.84,2023-07-27,NSE
ACC0033,HDFC,SELL,TXN00262,446.26,2,892.52,2024-04-07,NSE
ACC0033,HDFC,SELL,TXN00263,380.99,2,761.98,2024-11-30,NSE
ACC0034,ICICI,BUY,TXN00264,394.07,10,3940.7,2024-08-05,NSE
ACC0034,INFY,BUY,TXN00265,494.23,3,1482.69,2025-01-26,NSE
ACC0034,INFY,BUY,TXN00266,437.54,8,3500.32,2023-10-11,NSE
ACC0034,TCS,BUY,TXN00267,350.01,2,700.02,2025-01-02,NSE
ACC0034,SBIN,BUY,TXN00268,226.48,8,1811.84,2025-01-11,NSE
ACC0034,RELIANCE,BUY,TXN00269,169.0,8,1352.0,2023-08-15,NSE
ACC0034,ICICI,BUY,TXN00270,209.02,1,209.02,2025-06-24,NSE
ACC0034,ICICI,SELL,TXN00271,246.8,2,493.6,2023-07-15,NSE
ACC0035,INFY,BUY,TXN00272,354.84,16,5677.44,2023-08-19,NSE
ACC0035,TCS,BUY,TXN00273,378.45,5,1892.25,2025-07-16,NSE
ACC0035,RELIANCE,BUY,TXN00274,321.65,3,964.95,2024-12-15,NSE
ACC0035,SBIN,BUY,TXN00275,158.65,20,3173.0,2024-03-02,NSE
ACC0035,HDFC,BUY,TXN00276,499.84,9,4498.56,2024-08-27,NSE
ACC0035,RELIANCE,BUY,TXN00277,191.2,20,3824.0,2026-01-11,NSE
ACC0035,SBIN,BUY,TXN00278,106.21,10,1062.1,2023-10-11,NSE
ACC0035,INFY,BUY,TXN00279,175.27,1,175.27,2025-06-27,NSE
ACC0035,ICICI,BUY,TXN00280,283.75,1,283.75,2025-03-22,NSE
ACC0035,ICICI,BUY,TXN00281,139.25,1,139.25,2025-12-14,NSE
ACC0035,TCS,SELL,TXN00282,368.28,18,6629.04,2025-04-06,NSE
ACC0035,SBIN,SELL,TXN00283,477.85,4,1911.4,2024-08-15,NSE
ACC0035,ICICI,SELL,TXN00284,118.6,11,1304.6,2023-11-03,NSE
ACC0035,SBIN,SELL,TXN00285,184.97,9,1664.73,2025-07-12,NSE
ACC0035,HDFC,SELL,TXN00286,408.1,3,1224.3,2024-03-20,NSE
ACC0035,INFY,SELL,TXN00287,194.58,2,389.16,2026-01-16,NSE
ACC0035,SBIN,SELL,TXN00288,163.5,3,490.5,2026-03-16,NSE
ACC0036,RELIANCE,BUY,TXN00289,494.56,1,494.56,2025-03-23,NSE
ACC0036,RELIANCE,BUY,TXN00290,435.19,12,5222.28,2023-08-24,NSE
ACC0036,RELIANCE,BUY,TXN00291,367.27,6,2203.62,2025-02-09,NSE
ACC0036,RELIANCE,BUY,TXN00292,400.01,18,7200.18,2025-03-03,NSE
ACC0036,TCS,BUY,TXN00293,308.92,9,2780.28,2025-06-09,NSE
ACC0036,RELIANCE,BUY,TXN00294,122.9,7,860.3,2026-03-17,NSE
ACC0036,TCS,BUY,TXN00295,192.16,6,1152.96,2024-03-01,NSE
ACC0036,INFY,BUY,TXN00296,331.54,1,331.54,2024-03-01,NSE
ACC0036,RELIANCE,BUY,TXN00297,215.3,1,215.3,2024-11-22,NSE
ACC0036,HDFC,BUY,TXN00298,461.76,1,461.76,2024-01-02,NSE
ACC0036,SBIN,SELL,TXN00299,284.82,2,569.64,2024-01-23,NSE
ACC0036,TCS,SELL,TXN00300,415.35,1,415.35,2023-10-20,NSE
ACC0037,HDFC,BUY,TXN00301,215.83,2,431.66,2025-01-01,NSE
ACC0037,ICICI,BUY,TXN00302,279.27,17,4747.59,2026-03-01,NSE
ACC0037,SBIN,BUY,TXN00303,377.63,1,377.63,2024-06-17,NSE
ACC0037,RELIANCE,BUY,TXN00304,383.86,2,767.72,2026-01-28,NSE
ACC0037,RELIANCE,BUY,TXN00305,166.84,13,2168.92,2025-07-07,NSE
ACC0037,SBIN,BUY,TXN00306,200.07,3,600.21,2025-10-18,NSE
ACC0037,TCS,BUY,TXN00307,486.33,3,1458.99,2023-12-25,NSE
ACC0037,INFY,BUY,TXN00308,365.23,3,1095.69,2023-08-06,NSE
ACC0037,HDFC,BUY,TXN00309,181.26,11,1993.86,2023-12-19,NSE
ACC0037,INFY,BUY,TXN00310,175.63,17,2985.71,2025-05-22,NSE
ACC0037,INFY,BUY,TXN00311,483.37,19,9184.03,2023-07-16,NSE
ACC0037,TCS,BUY,TXN00312,171.72,9,1545.48,2025-12-30,NSE
ACC0037,RELIANCE,BUY,TXN00313,120.2,10,1202.0,2026-03-16,NSE
ACC0037,HDFC,BUY,TXN00314,177.64,9,1598.76,2024-05-15,NSE
ACC0037,ICICI,BUY,TXN00315,479.38,16,7670.08,2023-12-21,NSE
ACC0037,SBIN,BUY,TXN00316,353.06,12,4236.72,2024-08-16,NSE
ACC0037,ICICI,BUY,TXN00317,499.95,1,499.95,2024-05-02,NSE
ACC0037,RELIANCE,BUY,TXN00318,102.97,3,308.91,2025-10-28,NSE
ACC0037,ICICI,BUY,TXN00319,179.16,6,1074.96,2024-04-12,NSE
ACC0037,INFY,BUY,TXN00320,238.63,17,4056.71,2025-10-21,NSE
ACC0037,HDFC,BUY,TXN00321,162.15,4,648.6,2024-12-16,NSE
ACC0037,ICICI,BUY,TXN00322,190.41,8,1523.28,2024-07-25,NSE
ACC0037,ICICI,BUY,TXN00323,381.48,4,1525.92,2025-06-20,NSE
ACC0037,RELIANCE,SELL,TXN00324,224.2,11,2466.2,2026-01-30,NSE
ACC0037,TCS,SELL,TXN00325,486.89,1,486.89,2023-10-05,NSE
ACC0037,INFY,SELL,TXN00326,494.37,1,494.37,2024-01-18,NSE
ACC0037,RELIANCE,SELL,TXN00327,259.57,1,259.57,2025-10-16,NSE
ACC0037,INFY,SELL,TXN00328,346.25,1,346.25,2024-06-11,NSE
ACC0038,HDFC,BUY,TXN00329,472.0,6,2832.0,2024-02-17,NSE
ACC0038,ICICI,BUY,TXN00330,146.15,10,1461.5,2023-07-31,NSE
ACC0038,ICICI,BUY,TXN00331,198.36,19,3768.84,2025-07-26,NSE
ACC0038,TCS,BUY,TXN00332,345.74,12,4148.88,2025-11-20,NSE
ACC0038,RELIANCE,BUY,TXN00333,196.29,12,2355.48,2025-10-24,NSE
ACC0038,HDFC,BUY,TXN00334,120.71,9,1086.39,2024-02-12,NSE
ACC0038,SBIN,BUY,TXN00335,205.26,7,1436.82,2024-04-13,NSE
ACC0038,INFY,BUY,TXN00336,359.31,6,2155.86,2024-03-12,NSE
ACC0038,HDFC,BUY,TXN00337,292.72,20,5854.4,2024-09-06,NSE
ACC0038,TCS,BUY,TXN00338,302.63,5,1513.15,2024-08-08,NSE
ACC0038,RELIANCE,BUY,TXN00339,109.82,5,549.1,2025-07-28,NSE
ACC0038,SBIN,BUY,TXN00340,374.06,8,2992.48,2023-07-24,NSE
ACC0038,INFY,BUY,TXN00341,143.67,9,1293.03,2024-04-28,NSE
ACC0038,INFY,BUY,TXN00342,347.2,9,3124.8,2024-01-02,NSE
ACC0038,HDFC,BUY,TXN00343,223.05,7,1561.35,2024-11-21,NSE
ACC0038,HDFC,BUY,TXN00344,178.83,1,178.83,2024-11-20,NSE
ACC0038,RELIANCE,BUY,TXN00345,443.97,3,1331.91,2026-02-25,NSE
ACC0038,TCS,BUY,TXN00346,107.11,1,107.11,2023-10-16,NSE
ACC0038,TCS,SELL,TXN00347,345.78,12,4149.36,2024-12-14,NSE
ACC0038,ICICI,SELL,TXN00348,152.03,5,760.15,2024-09-16,NSE
ACC0038,TCS,SELL,TXN00349,335.35,5,1676.75,2023-12-09,NSE
ACC0038,HDFC,SELL,TXN00350,172.73,18,3109.14,2025-06-21,NSE
ACC0038,ICICI,SELL,TXN00351,186.4,1,186.4,2023-12-12,NSE
ACC0038,TCS,SELL,TXN00352,353.57,9,3182.13,2024-04-03,NSE
ACC0039,RELIANCE,BUY,TXN00353,114.98,1,114.98,2026-01-25,NSE
ACC0039,RELIANCE,BUY,TXN00354,140.05,7,980.35,2024-03-23,NSE
ACC0039,ICICI,BUY,TXN00355,298.1,1,298.1,2025-01-14,NSE
ACC0039,SBIN,BUY,TXN00356,138.79,1,138.79,2025-11-10,NSE
ACC0039,HDFC,BUY,TXN00357,139.89,1,139.89,2025-01-10,NSE
ACC0039,RELIANCE,SELL,TXN00358,156.34,5,781.7,2024-09-01,NSE
ACC0039,RELIANCE,SELL,TXN00359,230.8,1,230.8,2025-09-30,NSE
ACC0040,TCS,BUY,TXN00360,266.16,6,1596.96,2024-06-22,NSE
ACC0040,SBIN,BUY,TXN00361,111.25,3,333.75,2023-10-29,NSE
ACC0040,SBIN,BUY,TXN00362,181.52,15,2722.8,2025-12-29,NSE
ACC0040,TCS,BUY,TXN00363,133.25,17,2265.25,2026-03-30,NSE
ACC0040,HDFC,BUY,TXN00364,132.04,1,132.04,2023-10-18,NSE
ACC0040,INFY,BUY,TXN00365,130.36,4,521.44,2024-09-29,NSE
ACC0040,ICICI,BUY,TXN00366,166.05,3,498.15,2025-01-11,NSE
ACC0040,TCS,BUY,TXN00367,222.31,2,444.62,2024-04-23,NSE
ACC0040,ICICI,BUY,TXN00368,487.25,6,2923.5,2023-10-29,NSE
ACC0040,TCS,BUY,TXN00369,459.4,12,5512.8,2024-09-14,NSE
ACC0040,HDFC,BUY,TXN00370,449.64,9,4046.76,2023-10-23,NSE
ACC0040,HDFC,BUY,TXN00371,377.79,8,3022.32,2026-03-16,NSE
ACC0040,HDFC,BUY,TXN00372,302.06,6,1812.36,2025-07-18,NSE
ACC0040,HDFC,BUY,TXN00373,329.2,1,329.2,2023-07-19,NSE
ACC0040,TCS,BUY,TXN00374,146.06,12,1752.72,2025-01-08,NSE
ACC0040,INFY,BUY,TXN00375,351.2,1,351.2,2025-08-17,NSE
ACC0040,ICICI,BUY,TXN00376,304.43,9,2739.87,2024-05-21,NSE
ACC0040,TCS,BUY,TXN00377,150.24,4,600.96,2025-07-14,NSE
ACC0040,HDFC,BUY,TXN00378,455.55,1,455.55,2024-03-24,NSE
ACC0040,INFY,BUY,TXN00379,439.45,1,439.45,2025-05-26,NSE
ACC0040,INFY,SELL,TXN00380,130.06,19,2471.14,2025-01-05,NSE
ACC0040,SBIN,SELL,TXN00381,298.77,11,3286.47,2024-10-13,NSE
ACC0040,INFY,SELL,TXN00382,104.34,13,1356.42,2026-02-22,NSE
ACC0040,INFY,SELL,TXN00383,212.03,3,636.09,2023-09-26,NSE
ACC0040,ICICI,SELL,TXN00384,259.93,1,259.93,2026-03-27,NSE
ACC0041,TCS,BUY,TXN00385,279.27,1,279.27,2024-12-14,NSE
ACC0041,ICICI,BUY,TXN00386,299.33,19,5687.27,2025-06-19,NSE
ACC0041,ICICI,BUY,TXN00387,263.79,20,5275.8,2024-02-14,NSE
ACC0041,ICICI,BUY,TXN00388,295.49,16,4727.84,2024-06-12,NSE
ACC0041,RELIANCE,BUY,TXN00389,220.25,20,4405.0,2024-06-05,NSE
ACC0041,SBIN,SELL,TXN00390,488.84,20,9776.8,2024-04-07,NSE
ACC0041,TCS,SELL,TXN00391,169.16,12,2029.92,2024-07-28,NSE
ACC0041,TCS,SELL,TXN00392,270.54,1,270.54,2024-11-16,NSE
ACC0041,INFY,SELL,TXN00393,154.7,1,154.7,2023-07-21,NSE
ACC0042,HDFC,BUY,TXN00394,247.6,10,2476.0,2026-02-11,NSE
ACC0042,ICICI,BUY,TXN00395,367.32,15,5509.8,2023-11-16,NSE
ACC0042,RELIANCE,BUY,TXN00396,227.67,5,1138.35,2023-11-09,NSE
ACC0042,HDFC,BUY,TXN00397,456.92,10,4569.2,2024-09-19,NSE
ACC0042,SBIN,BUY,TXN00398,494.69,16,7915.04,2023-08-21,NSE
ACC0042,HDFC,BUY,TXN00399,404.91,8,3239.28,2024-10-09,NSE
ACC0042,INFY,BUY,TXN00400,408.48,9,3676.32,2023-07-22,NSE
ACC0042,HDFC,BUY,TXN00401,243.09,18,4375.62,2023-10-20,NSE
ACC0042,INFY,BUY,TXN00402,130.62,15,1959.3,2024-07-14,NSE
ACC0042,SBIN,BUY,TXN00403,108.7,19,2065.3,2023-09-02,NSE
ACC0042,RELIANCE,BUY,TXN00404,361.48,5,1807.4,2025-08-02,NSE
ACC0042,ICICI,BUY,TXN00405,394.57,4,1578.28,2025-04-17,NSE
ACC0042,HDFC,BUY,TXN00406,109.24,5,546.2,2026-02-14,NSE
ACC0042,INFY,BUY,TXN00407,277.65,2,555.3,2025-09-30,NSE
ACC0042,RELIANCE,BUY,TXN00408,489.98,2,979.96,2024-11-12,NSE
ACC0042,RELIANCE,SELL,TXN00409,237.02,17,4029.34,2025-10-24,NSE
ACC0042,ICICI,SELL,TXN00410,393.74,1,393.74,2025-03-01,NSE
ACC0042,INFY,SELL,TXN00411,346.15,1,346.15,2023-09-03,NSE
ACC0043,ICICI,BUY,TXN00412,252.22,10,2522.2,2024-08-30,NSE
ACC0043,INFY,BUY,TXN00413,293.41,4,1173.64,2024-10-10,NSE
ACC0043,ICICI,BUY,TXN00414,352.08,12,4224.96,2025-03-29,NSE
ACC0043,HDFC,BUY,TXN00415,136.26,4,545.04,2024-04-29,NSE
ACC0043,TCS,BUY,TXN00416,394.29,8,3154.32,2024-09-12,NSE
ACC0043,ICICI,BUY,TXN00417,449.91,4,1799.64,2025-08-22,NSE
ACC0043,TCS,BUY,TXN00418,497.29,13,6464.77,2025-12-18,NSE
ACC0043,RELIANCE,BUY,TXN00419,375.18,10,3751.8,2026-01-27,NSE
ACC0043,TCS,BUY,TXN00420,353.72,12,4244.64,2026-01-09,NSE
ACC0043,RELIANCE,BUY,TXN00421,464.74,19,8830.06,2024-10-25,NSE
ACC0043,TCS,BUY,TXN00422,317.35,9,2856.15,2025-03-28,NSE
ACC0043,SBIN,BUY,TXN00423,200.91,14,2812.74,2024-04-05,NSE
ACC0043,SBIN,BUY,TXN00424,221.01,18,3978.18,2026-03-01,NSE
ACC0043,RELIANCE,BUY,TXN00425,497.47,2,994.94,2025-10-09,NSE
ACC0043,TCS,BUY,TXN00426,217.76,20,4355.2,2025-09-29,NSE
ACC0043,INFY,BUY,TXN00427,401.25,8,3210.0,2024-04-12,NSE
ACC0043,SBIN,BUY,TXN00428,420.31,6,2521.86,2023-11-27,NSE
ACC0043,HDFC,BUY,TXN00429,227.79,20,4555.8,2025-12-15,NSE
ACC0043,HDFC,BUY,TXN00430,122.04,2,244.08,2024-01-03,NSE
ACC0043,TCS,BUY,TXN00431,300.7,3,902.1,2026-04-05,NSE
ACC0043,RELIANCE,BUY,TXN00432,161.71,1,161.71,2023-10-31,NSE
ACC0043,SBIN,SELL,TXN00433,325.19,3,975.57,2025-01-10,NSE
ACC0043,INFY,SELL,TXN00434,176.76,9,1590.84,2026-02-24,NSE
ACC0043,INFY,SELL,TXN00435,266.61,2,533.22,2024-04-21,NSE
ACC0043,SBIN,SELL,TXN00436,433.42,8,3467.36,2024-04-07,NSE
ACC0044,INFY,BUY,TXN00437,262.47,3,787.41,2024-01-15,NSE
ACC0044,RELIANCE,BUY,TXN00438,367.64,6,2205.84,2023-07-14,NSE
ACC0044,SBIN,BUY,TXN00439,178.82,19,3397.58,2025-04-08,NSE
ACC0044,ICICI,BUY,TXN00440,414.13,2,828.26,2024-05-14,NSE
ACC0044,SBIN,BUY,TXN00441,489.02,5,2445.1,2024-04-03,NSE
ACC0044,INFY,BUY,TXN00442,175.39,1,175.39,2024-02-09,NSE
ACC0044,TCS,BUY,TXN00443,128.01,5,640.05,2023-11-20,NSE
ACC0044,INFY,BUY,TXN00444,334.09,8,2672.72,2025-10-12,NSE
ACC0044,INFY,BUY,TXN00445,251.17,1,251.17,2025-03-21,NSE
ACC0044,HDFC,BUY,TXN00446,458.79,1,458.79,2024-11-01,NSE
ACC0044,INFY,BUY,TXN00447,243.29,1,243.29,2025-01-03,NSE
ACC0044,HDFC,SELL,TXN00448,200.25,17,3404.25,2025-07-02,NSE
ACC0044,TCS,SELL,TXN00449,451.19,7,3158.33,2024-12-26,NSE
ACC0044,TCS,SELL,TXN00450,300.77,2,601.54,2023-12-01,NSE
ACC0044,TCS,SELL,TXN00451,133.58,2,267.16,2024-04-26,NSE
ACC0044,RELIANCE,SELL,TXN00452,445.14,1,445.14,2025-05-12,NSE
ACC0045,TCS,BUY,TXN00453,253.9,7,1777.3,2025-09-14,NSE
ACC0045,TCS,BUY,TXN00454,482.12,6,2892.72,2025-06-12,NSE
ACC0045,INFY,BUY,TXN00455,306.14,6,1836.84,2026-01-07,NSE
ACC0045,RELIANCE,BUY,TXN00456,258.98,9,2330.82,2023-10-04,NSE
ACC0045,SBIN,BUY,TXN00457,162.43,11,1786.73,2023-11-15,NSE
ACC0045,ICICI,BUY,TXN00458,299.98,17,5099.66,2025-09-09,NSE
ACC0045,INFY,BUY,TXN00459,285.87,3,857.61,2026-01-11,NSE
ACC0045,SBIN,BUY,TXN00460,440.85,1,440.85,2024-02-26,NSE
ACC0045,SBIN,BUY,TXN00461,393.38,6,2360.28,2025-09-03,NSE
ACC0045,ICICI,BUY,TXN00462,293.58,17,4990.86,2024-01-16,NSE
ACC0045,ICICI,BUY,TXN00463,191.32,9,1721.88,2025-11-09,NSE
ACC0045,INFY,BUY,TXN00464,491.58,9,4424.22,2024-07-14,NSE
ACC0045,INFY,BUY,TXN00465,318.05,19,6042.95,2024-02-18,NSE
ACC0045,TCS,BUY,TXN00466,456.25,8,3650.0,2024-05-11,NSE
ACC0045,TCS,BUY,TXN00467,170.57,8,1364.56,2023-09-06,NSE
ACC0045,INFY,BUY,TXN00468,244.92,3,734.76,2025-04-30,NSE
ACC0045,ICICI,BUY,TXN00469,365.29,20,7305.8,2024-08-08,NSE
ACC0045,HDFC,BUY,TXN00470,432.54,19,8218.26,2024-05-24,NSE
ACC0045,HDFC,BUY,TXN00471,443.09,11,4873.99,2024-04-24,NSE
ACC0045,HDFC,BUY,TXN00472,374.3,3,1122.9,2024-11-11,NSE
ACC0045,TCS,BUY,TXN00473,118.65,7,830.55,2024-11-09,NSE
ACC0045,ICICI,BUY,TXN00474,399.89,7,2799.23,2025-11-15,NSE
ACC0045,SBIN,BUY,TXN00475,279.43,2,558.86,2025-01-19,NSE
ACC0045,RELIANCE,BUY,TXN00476,460.56,1,460.56,2024-07-06,NSE
ACC0045,TCS,SELL,TXN00477,250.44,19,4758.36,2026-01-17,NSE
ACC0045,TCS,SELL,TXN00478,256.91,2,513.82,2024-05-11,NSE
ACC0045,RELIANCE,SELL,TXN00479,489.95,10,4899.5,2023-10-22,NSE
ACC0045,TCS,SELL,TXN00480,387.61,2,775.22,2025-09-29,NSE
ACC0046,INFY,BUY,TXN00481,120.12,4,480.48,2024-07-30,NSE
ACC0046,RELIANCE,BUY,TXN00482,184.68,15,2770.2,2024-03-15,NSE
ACC0046,SBIN,BUY,TXN00483,312.26,17,5308.42,2025-05-27,NSE
ACC0046,SBIN,BUY,TXN00484,399.95,12,4799.4,2025-04-06,NSE
ACC0046,INFY,BUY,TXN00485,321.24,5,1606.2,2024-04-28,NSE
ACC0046,ICICI,BUY,TXN00486,157.62,6,945.72,2023-10-12,NSE
ACC0046,RELIANCE,BUY,TXN00487,311.14,2,622.28,2024-07-02,NSE
ACC0046,ICICI,BUY,TXN00488,342.93,19,6515.67,2026-01-05,NSE
ACC0046,SBIN,BUY,TXN00489,487.23,19,9257.37,2024-11-19,NSE
ACC0046,RELIANCE,BUY,TXN00490,273.19,4,1092.76,2023-09-24,NSE
ACC0046,RELIANCE,BUY,TXN00491,462.57,17,7863.69,2025-01-22,NSE
ACC0046,SBIN,BUY,TXN00492,341.02,5,1705.1,2024-04-12,NSE
ACC0046,HDFC,BUY,TXN00493,456.62,3,1369.86,2024-02-24,NSE
ACC0046,TCS,BUY,TXN00494,418.59,5,2092.95,2025-06-03,NSE
ACC0046,RELIANCE,BUY,TXN00495,327.81,2,655.62,2024-02-29,NSE
ACC0046,RELIANCE,BUY,TXN00496,387.69,3,1163.07,2024-10-10,NSE
ACC0046,TCS,BUY,TXN00497,135.1,13,1756.3,2023-07-27,NSE
ACC0046,TCS,BUY,TXN00498,400.13,12,4801.56,2025-01-03,NSE
ACC0046,ICICI,BUY,TXN00499,476.2,5,2381.0,2024-11-04,NSE
ACC0046,RELIANCE,BUY,TXN00500,429.66,15,6444.9,2025-02-10,NSE
ACC0046,TCS,BUY,TXN00501,242.33,3,726.99,2025-02-17,NSE
ACC0046,HDFC,BUY,TXN00502,188.57,9,1697.13,2026-03-21,NSE
ACC0046,INFY,BUY,TXN00503,105.52,3,316.56,2025-07-20,NSE
ACC0046,TCS,BUY,TXN00504,161.11,1,161.11,2024-08-11,NSE
ACC0046,INFY,SELL,TXN00505,108.66,20,2173.2,2025-11-17,NSE
ACC0046,RELIANCE,SELL,TXN00506,193.47,1,193.47,2026-02-20,NSE
ACC0046,TCS,SELL,TXN00507,316.27,5,1581.35,2026-03-30,NSE
ACC0047,RELIANCE,BUY,TXN00508,233.51,18,4203.18,2024-09-30,NSE
ACC0047,RELIANCE,BUY,TXN00509,201.12,5,1005.6,2024-02-17,NSE
ACC0047,INFY,BUY,TXN00510,265.52,6,1593.12,2026-03-16,NSE
ACC0047,SBIN,BUY,TXN00511,393.69,16,6299.04,2025-03-11,NSE
ACC0047,ICICI,BUY,TXN00512,481.63,18,8669.34,2025-04-24,NSE
ACC0047,TCS,BUY,TXN00513,326.09,18,5869.62,2026-03-30,NSE
ACC0047,SBIN,BUY,TXN00514,311.46,7,2180.22,2023-11-17,NSE
ACC0047,ICICI,BUY,TXN00515,161.34,18,2904.12,2024-12-15,NSE
ACC0047,RELIANCE,BUY,TXN00516,251.98,10,2519.8,2025-10-13,NSE
ACC0047,TCS,BUY,TXN00517,462.17,5,2310.85,2023-10-30,NSE
ACC0047,RELIANCE,BUY,TXN00518,479.94,7,3359.58,2025-07-31,NSE
ACC0047,ICICI,BUY,TXN00519,239.71,13,3116.23,2023-09-15,NSE
ACC0047,INFY,BUY,TXN00520,123.31,9,1109.79,2023-10-27,NSE
ACC0047,ICICI,BUY,TXN00521,363.86,1,363.86,2025-10-29,NSE
ACC0047,ICICI,BUY,TXN00522,322.48,12,3869.76,2024-02-17,NSE
ACC0047,INFY,BUY,TXN00523,266.58,9,2399.22,2023-11-10,NSE
ACC0047,SBIN,BUY,TXN00524,467.42,20,9348.4,2024-03-24,NSE
ACC0047,RELIANCE,BUY,TXN00525,467.51,8,3740.08,2023-09-07,NSE
ACC0047,RELIANCE,BUY,TXN00526,190.8,1,190.8,2025-08-16,NSE
ACC0047,ICICI,BUY,TXN00527,257.34,2,514.68,2026-01-14,NSE
ACC0047,ICICI,BUY,TXN00528,381.73,1,381.73,2024-08-28,NSE
ACC0047,INFY,SELL,TXN00529,304.53,19,5786.07,2024-05-30,NSE
ACC0047,HDFC,SELL,TXN00530,300.26,7,2101.82,2024-09-05,NSE
ACC0047,TCS,SELL,TXN00531,468.52,3,1405.56,2025-07-25,NSE
ACC0047,TCS,SELL,TXN00532,116.13,2,232.26,2025-10-22,NSE
ACC0048,ICICI,BUY,TXN00533,189.9,12,2278.8,2026-03-22,NSE
ACC0048,SBIN,BUY,TXN00534,345.79,3,1037.37,2023-10-14,NSE
ACC0048,HDFC,BUY,TXN00535,287.58,13,3738.54,2024-09-12,NSE
ACC0048,SBIN,BUY,TXN00536,188.66,1,188.66,2025-05-07,NSE
ACC0048,RELIANCE,BUY,TXN00537,248.22,6,1489.32,2024-09-07,NSE
ACC0048,ICICI,BUY,TXN00538,296.72,1,296.72,2024-09-16,NSE
ACC0048,TCS,BUY,TXN00539,442.99,4,1771.96,2025-03-12,NSE
ACC0048,ICICI,BUY,TXN00540,439.25,1,439.25,2023-11-03,NSE
ACC0049,ICICI,BUY,TXN00541,275.79,12,3309.48,2023-07-11,NSE
ACC0049,HDFC,BUY,TXN00542,369.24,17,6277.08,2025-02-05,NSE
ACC0049,INFY,BUY,TXN00543,185.36,13,2409.68,2026-03-07,NSE
ACC0049,HDFC,BUY,TXN00544,108.56,1,108.56,2024-12-28,NSE
ACC0049,HDFC,BUY,TXN00545,386.03,18,6948.54,2025-08-21,NSE
ACC0049,TCS,BUY,TXN00546,269.07,6,1614.42,2024-02-04,NSE
ACC0049,RELIANCE,BUY,TXN00547,402.37,12,4828.44,2024-10-12,NSE
ACC0049,ICICI,BUY,TXN00548,374.44,16,5991.04,2024-09-08,NSE
ACC0049,TCS,BUY,TXN00549,104.84,6,629.04,2023-12-14,NSE
ACC0049,HDFC,SELL,TXN00550,185.52,3,556.56,2025-01-02,NSE
ACC0049,HDFC,SELL,TXN00551,136.4,3,409.2,2025-12-02,NSE
ACC0049,HDFC,SELL,TXN00552,120.11,7,840.77,2025-10-04,NSE
ACC0049,INFY,SELL,TXN00553,477.93,17,8124.81,2023-11-27,NSE
ACC0049,INFY,SELL,TXN00554,279.96,7,1959.72,2023-12-29,NSE
ACC0049,RELIANCE,SELL,TXN00555,217.32,1,217.32,2024-02-07,NSE
ACC0049,ICICI,SELL,TXN00556,295.88,1,295.88,2024-05-22,NSE
ACC0050,TCS,BUY,TXN00557,155.68,19,2957.92,2026-02-12,NSE
ACC0050,RELIANCE,BUY,TXN00558,469.37,5,2346.85,2025-10-07,NSE
ACC0050,SBIN,BUY,TXN00559,275.08,5,1375.4,2025-02-14,NSE
ACC0050,INFY,BUY,TXN00560,254.01,2,508.02,2024-10-24,NSE
ACC0050,RELIANCE,BUY,TXN00561,319.44,20,6388.8,2023-08-21,NSE
ACC0050,SBIN,BUY,TXN00562,229.57,1,229.57,2025-09-24,NSE
ACC0050,ICICI,BUY,TXN00563,412.01,1,412.01,2024-03-15,NSE
ACC0050,RELIANCE,BUY,TXN00564,256.54,1,256.54,2024-05-15,NSE
ACC0050,HDFC,BUY,TXN00565,230.5,7,1613.5,2025-01-11,NSE
ACC0050,TCS,BUY,TXN00566,442.71,2,885.42,2023-09-19,NSE
ACC0050,SBIN,BUY,TXN00567,387.8,1,387.8,2025-10-14,NSE
ACC0050,SBIN,SELL,TXN00568,229.6,2,459.2,2024-08-10,NSE
ACC0051,INFY,BUY,TXN00569,101.74,7,712.18,2026-03-21,NSE
ACC0051,HDFC,BUY,TXN00570,122.84,15,1842.6,2025-07-09,NSE
ACC0051,SBIN,BUY,TXN00571,255.27,14,3573.78,2024-10-14,NSE
ACC0051,ICICI,BUY,TXN00572,362.12,3,1086.36,2024-09-01,NSE
ACC0051,RELIANCE,BUY,TXN00573,142.13,2,284.26,2024-07-13,NSE
ACC0051,ICICI,SELL,TXN00574,325.72,12,3908.64,2024-12-25,NSE
ACC0051,INFY,SELL,TXN00575,294.19,4,1176.76,2025-05-14,NSE
ACC0051,SBIN,SELL,TXN00576,199.76,18,3595.68,2026-04-03,NSE
ACC0051,TCS,SELL,TXN00577,283.83,2,567.66,2023-12-20,NSE
ACC0051,ICICI,SELL,TXN00578,454.83,1,454.83,2024-02-25,NSE
ACC0051,HDFC,SELL,TXN00579,359.39,2,718.78,2026-03-20,NSE
ACC0053,SBIN,BUY,TXN00580,401.73,19,7632.87,2026-03-02,NSE
ACC0053,ICICI,BUY,TXN00581,363.15,19,6899.85,2024-09-16,NSE
ACC0053,ICICI,BUY,TXN00582,201.86,13,2624.18,2023-07-14,NSE
ACC0053,ICICI,BUY,TXN00583,475.83,2,951.66,2025-04-06,NSE
ACC0053,SBIN,BUY,TXN00584,450.25,10,4502.5,2025-07-05,NSE
ACC0053,TCS,BUY,TXN00585,317.37,13,4125.81,2026-01-04,NSE
ACC0053,TCS,BUY,TXN00586,307.58,1,307.58,2025-10-17,NSE
ACC0053,ICICI,BUY,TXN00587,398.07,7,2786.49,2023-10-08,NSE
ACC0053,INFY,BUY,TXN00588,389.7,2,779.4,2024-06-04,NSE
ACC0053,HDFC,SELL,TXN00589,204.84,19,3891.96,2025-11-12,NSE
ACC0053,RELIANCE,SELL,TXN00590,346.45,8,2771.6,2024-02-04,NSE
ACC0053,RELIANCE,SELL,TXN00591,425.24,2,850.48,2024-07-01,NSE
ACC0054,RELIANCE,BUY,TXN00592,425.44,18,7657.92,2024-07-08,NSE
ACC0054,HDFC,BUY,TXN00593,288.26,13,3747.38,2024-09-05,NSE
ACC0054,RELIANCE,BUY,TXN00594,384.5,16,6152.0,2025-04-02,NSE
ACC0054,SBIN,BUY,TXN00595,200.65,1,200.65,2025-09-16,NSE
ACC0054,SBIN,BUY,TXN00596,151.63,3,454.89,2025-11-09,NSE
ACC0054,TCS,BUY,TXN00597,278.97,3,836.91,2023-12-09,NSE
ACC0054,INFY,BUY,TXN00598,175.33,2,350.66,2024-06-02,NSE
ACC0054,ICICI,SELL,TXN00599,275.97,7,1931.79,2024-10-30,NSE
ACC0054,INFY,SELL,TXN00600,294.08,1,294.08,2024-08-10,NSE
ACC0054,TCS,SELL,TXN00601,290.19,17,4933.23,2024-01-07,NSE
ACC0054,INFY,SELL,TXN00602,452.92,4,1811.68,2024-11-16,NSE
ACC0054,ICICI,SELL,TXN00603,282.7,1,282.7,2026-02-23,NSE
ACC0055,RELIANCE,BUY,TXN00604,484.9,5,2424.5,2023-09-15,NSE
ACC0055,HDFC,BUY,TXN00605,135.86,16,2173.76,2024-10-26,NSE
ACC0055,SBIN,BUY,TXN00606,462.72,19,8791.68,2025-11-19,NSE
ACC0055,TCS,BUY,TXN00607,359.64,5,1798.2,2023-10-31,NSE
ACC0055,TCS,BUY,TXN00608,206.6,2,413.2,2026-01-21,NSE
ACC0055,SBIN,BUY,TXN00609,109.62,1,109.62,2025-03-21,NSE
ACC0055,INFY,BUY,TXN00610,405.45,14,5676.3,2025-08-17,NSE
ACC0055,TCS,BUY,TXN00611,183.79,12,2205.48,2025-04-25,NSE
ACC0055,RELIANCE,BUY,TXN00612,119.24,18,2146.32,2023-11-12,NSE
ACC0055,RELIANCE,BUY,TXN00613,273.76,6,1642.56,2024-10-16,NSE
ACC0055,SBIN,BUY,TXN00614,276.9,3,830.7,2024-11-21,NSE
ACC0055,HDFC,BUY,TXN00615,331.12,9,2980.08,2024-10-02,NSE
ACC0055,RELIANCE,BUY,TXN00616,224.27,1,224.27,2025-08-09,NSE
ACC0055,INFY,BUY,TXN00617,488.13,9,4393.17,2025-02-28,NSE
ACC0055,RELIANCE,BUY,TXN00618,193.3,12,2319.6,2024-08-28,NSE
ACC0055,ICICI,BUY,TXN00619,469.99,5,2349.95,2024-12-23,NSE
ACC0055,SBIN,BUY,TXN00620,368.73,1,368.73,2023-08-22,NSE
ACC0055,SBIN,BUY,TXN00621,436.08,2,872.16,2025-12-08,NSE
ACC0055,INFY,SELL,TXN00622,209.29,11,2302.19,2023-08-28,NSE
ACC0055,SBIN,SELL,TXN00623,432.94,10,4329.4,2024-10-12,NSE
ACC0055,RELIANCE,SELL,TXN00624,183.61,10,1836.1,2026-04-02,NSE
ACC0055,HDFC,SELL,TXN00625,215.83,7,1510.81,2025-01-23,NSE
ACC0055,INFY,SELL,TXN00626,369.24,1,369.24,2024-08-29,NSE
ACC0056,ICICI,BUY,TXN00627,303.3,13,3942.9,2024-07-03,NSE
ACC0056,SBIN,BUY,TXN00628,479.26,16,7668.16,2025-01-31,NSE
ACC0056,INFY,BUY,TXN00629,309.64,7,2167.48,2025-02-15,NSE
ACC0056,RELIANCE,BUY,TXN00630,121.67,3,365.01,2024-02-02,NSE
ACC0056,ICICI,BUY,TXN00631,420.02,3,1260.06,2024-08-12,NSE
ACC0056,SBIN,BUY,TXN00632,223.62,12,2683.44,2024-02-25,NSE
ACC0056,ICICI,BUY,TXN00633,225.9,4,903.6,2024-07-08,NSE
ACC0056,TCS,BUY,TXN00634,331.57,1,331.57,2025-08-14,NSE
ACC0056,HDFC,BUY,TXN00635,402.89,2,805.78,2023-12-19,NSE
ACC0056,HDFC,SELL,TXN00636,259.02,5,1295.1,2025-03-27,NSE
ACC0056,TCS,SELL,TXN00637,167.03,2,334.06,2024-04-26,NSE
ACC0056,HDFC,SELL,TXN00638,233.27,1,233.27,2025-01-21,NSE
ACC0057,HDFC,BUY,TXN00639,411.32,13,5347.16,2024-10-28,NSE
ACC0057,INFY,BUY,TXN00640,272.5,6,1635.0,2024-01-30,NSE
ACC0057,HDFC,BUY,TXN00641,382.22,14,5351.08,2025-07-18,NSE
ACC0057,TCS,BUY,TXN00642,215.08,13,2796.04,2023-09-17,NSE
ACC0057,RELIANCE,BUY,TXN00643,286.58,9,2579.22,2024-07-26,NSE
ACC0057,ICICI,BUY,TXN00644,259.61,1,259.61,2025-04-14,NSE
ACC0057,ICICI,BUY,TXN00645,132.71,9,1194.39,2025-03-10,NSE
ACC0057,SBIN,BUY,TXN00646,448.02,18,8064.36,2025-08-10,NSE
ACC0057,ICICI,BUY,TXN00647,381.93,3,1145.79,2024-12-31,NSE
ACC0057,TCS,BUY,TXN00648,349.81,12,4197.72,2026-04-05,NSE
ACC0057,SBIN,BUY,TXN00649,227.0,1,227.0,2025-05-04,NSE
ACC0057,TCS,BUY,TXN00650,359.93,1,359.93,2023-11-01,NSE
ACC0057,TCS,BUY,TXN00651,396.95,2,793.9,2025-05-05,NSE
ACC0057,RELIANCE,BUY,TXN00652,353.59,1,353.59,2024-04-26,NSE
ACC0057,HDFC,SELL,TXN00653,142.23,3,426.69,2025-05-24,NSE
ACC0057,ICICI,SELL,TXN00654,354.73,4,1418.92,2025-12-19,NSE
ACC0057,RELIANCE,SELL,TXN00655,276.07,2,552.14,2024-07-31,NSE
ACC0057,HDFC,SELL,TXN00656,127.26,2,254.52,2025-07-08,NSE
ACC0058,ICICI,BUY,TXN00657,140.48,12,1685.76,2025-09-13,NSE
ACC0058,TCS,BUY,TXN00658,435.92,10,4359.2,2025-01-19,NSE
ACC0058,ICICI,BUY,TXN00659,178.2,2,356.4,2025-11-17,NSE
ACC0058,INFY,BUY,TXN00660,250.85,20,5017.0,2025-11-18,NSE
ACC0058,HDFC,BUY,TXN00661,133.46,4,533.84,2024-09-11,NSE
ACC0058,SBIN,BUY,TXN00662,455.55,8,3644.4,2024-06-17,NSE
ACC0058,RELIANCE,BUY,TXN00663,435.34,15,6530.1,2026-02-22,NSE
ACC0058,TCS,BUY,TXN00664,212.49,7,1487.43,2025-08-28,NSE
ACC0058,SBIN,BUY,TXN00665,328.21,17,5579.57,2024-07-01,NSE
ACC0058,RELIANCE,BUY,TXN00666,254.17,12,3050.04,2025-11-13,NSE
ACC0058,INFY,BUY,TXN00667,124.34,2,248.68,2025-10-02,NSE
ACC0058,TCS,SELL,TXN00668,430.21,3,1290.63,2024-01-06,NSE
ACC0058,HDFC,SELL,TXN00669,317.98,2,635.96,2025-04-23,NSE
ACC0058,ICICI,SELL,TXN00670,177.51,16,2840.16,2024-03-24,NSE
ACC0058,TCS,SELL,TXN00671,192.0,11,2112.0,2023-12-30,NSE
ACC0058,ICICI,SELL,TXN00672,164.9,4,659.6,2024-05-03,NSE
ACC0058,RELIANCE,SELL,TXN00673,475.87,4,1903.48,2025-04-25,NSE
ACC0058,ICICI,SELL,TXN00674,189.52,3,568.56,2025-03-14,NSE
ACC0059,TCS,BUY,TXN00675,489.2,2,978.4,2026-03-17,NSE
ACC0059,TCS,BUY,TXN00676,199.77,12,2397.24,2024-07-31,NSE
ACC0059,RELIANCE,BUY,TXN00677,426.52,19,8103.88,2023-12-30,NSE
ACC0059,SBIN,BUY,TXN00678,165.37,10,1653.7,2024-04-26,NSE
ACC0059,HDFC,BUY,TXN00679,400.89,10,4008.9,2024-09-13,NSE
ACC0059,HDFC,BUY,TXN00680,404.84,11,4453.24,2024-06-12,NSE
ACC0059,RELIANCE,BUY,TXN00681,305.54,1,305.54,2023-09-21,NSE
ACC0059,RELIANCE,BUY,TXN00682,310.52,10,3105.2,2026-02-23,NSE
ACC0059,SBIN,BUY,TXN00683,302.76,12,3633.12,2024-10-13,NSE
ACC0059,SBIN,BUY,TXN00684,476.42,13,6193.46,2025-01-31,NSE
ACC0059,ICICI,BUY,TXN00685,124.29,11,1367.19,2023-08-26,NSE
ACC0059,INFY,BUY,TXN00686,397.81,10,3978.1,2024-04-11,NSE
ACC0059,HDFC,BUY,TXN00687,347.22,11,3819.42,2025-03-21,NSE
ACC0059,TCS,BUY,TXN00688,459.99,8,3679.92,2026-03-30,NSE
ACC0059,HDFC,BUY,TXN00689,418.87,15,6283.05,2023-08-13,NSE
ACC0059,RELIANCE,BUY,TXN00690,338.61,10,3386.1,2025-06-08,NSE
ACC0059,INFY,BUY,TXN00691,495.75,15,7436.25,2024-09-22,NSE
ACC0059,RELIANCE,BUY,TXN00692,326.54,6,1959.24,2023-10-28,NSE
ACC0059,TCS,BUY,TXN00693,479.55,2,959.1,2023-10-25,NSE
ACC0059,SBIN,BUY,TXN00694,188.46,2,376.92,2025-11-29,NSE
ACC0059,ICICI,BUY,TXN00695,121.93,1,121.93,2025-04-07,NSE
ACC0059,ICICI,SELL,TXN00696,421.08,10,4210.8,2024-12-14,NSE
ACC0059,RELIANCE,SELL,TXN00697,428.29,3,1284.87,2026-02-02,NSE
ACC0059,RELIANCE,SELL,TXN00698,240.38,16,3846.08,2024-02-04,NSE
ACC0059,ICICI,SELL,TXN00699,277.88,6,1667.28,2024-05-23,NSE
ACC0059,HDFC,SELL,TXN00700,425.66,6,2553.96,2024-01-09,NSE
ACC0059,ICICI,SELL,TXN00701,381.42,1,381.42,2025-09-11,NSE
ACC0059,TCS,SELL,TXN00702,400.95,1,400.95,2023-11-09,NSE
ACC0059,RELIANCE,SELL,TXN00703,467.57,1,467.57,2026-03-30,NSE
ACC0060,ICICI,BUY,TXN00704,126.27,16,2020.32,2024-02-14,NSE
ACC0060,SBIN,BUY,TXN00705,303.21,16,4851.36,2023-11-03,NSE
ACC0060,INFY,BUY,TXN00706,309.99,2,619.98,2024-07-14,NSE
ACC0060,SBIN,BUY,TXN00707,103.97,13,1351.61,2024-10-22,NSE
ACC0060,SBIN,BUY,TXN00708,482.48,7,3377.36,2025-09-21,NSE
ACC0060,RELIANCE,BUY,TXN00709,154.27,12,1851.24,2023-07-27,NSE
ACC0060,RELIANCE,BUY,TXN00710,453.33,17,7706.61,2024-08-14,NSE
ACC0060,ICICI,BUY,TXN00711,460.8,7,3225.6,2024-10-13,NSE
ACC0060,RELIANCE,BUY,TXN00712,222.62,9,2003.58,2024-01-15,NSE
ACC0060,HDFC,BUY,TXN00713,468.9,4,1875.6,2024-03-16,NSE
ACC0060,SBIN,BUY,TXN00714,332.82,3,998.46,2024-09-24,NSE
ACC0060,ICICI,BUY,TXN00715,242.31,11,2665.41,2025-11-17,NSE
ACC0060,INFY,BUY,TXN00716,335.88,9,3022.92,2023-11-14,NSE
ACC0060,HDFC,BUY,TXN00717,294.36,15,4415.4,2024-11-02,NSE
ACC0060,INFY,BUY,TXN00718,125.39,5,626.95,2025-05-20,NSE
ACC0060,INFY,BUY,TXN00719,462.06,16,7392.96,2025-12-06,NSE
ACC0060,INFY,BUY,TXN00720,269.73,7,1888.11,2024-09-28,NSE
ACC0060,INFY,BUY,TXN00721,240.51,6,1443.06,2025-10-07,NSE
ACC0060,INFY,BUY,TXN00722,145.2,1,145.2,2024-06-04,NSE
ACC0060,RELIANCE,SELL,TXN00723,376.64,20,7532.8,2023-07-13,NSE
ACC0060,INFY,SELL,TXN00724,358.98,3,1076.94,2023-08-04,NSE
ACC0060,SBIN,SELL,TXN00725,155.45,1,155.45,2024-07-12,NSE
ACC0061,ICICI,BUY,TXN00726,342.7,8,2741.6,2023-09-16,NSE
ACC0061,SBIN,BUY,TXN00727,179.38,8,1435.04,2025-11-06,NSE
ACC0061,HDFC,BUY,TXN00728,281.11,9,2529.99,2024-10-18,NSE
ACC0061,HDFC,BUY,TXN00729,287.74,8,2301.92,2024-02-02,NSE
ACC0061,SBIN,BUY,TXN00730,135.86,6,815.16,2023-10-27,NSE
ACC0061,SBIN,BUY,TXN00731,477.11,17,8110.87,2023-11-08,NSE
ACC0061,TCS,BUY,TXN00732,161.6,13,2100.8,2024-05-29,NSE
ACC0061,HDFC,BUY,TXN00733,173.81,13,2259.53,2024-05-03,NSE
ACC0061,HDFC,BUY,TXN00734,434.73,6,2608.38,2025-04-27,NSE
ACC0061,RELIANCE,BUY,TXN00735,169.52,9,1525.68,2024-10-04,NSE
ACC0061,ICICI,BUY,TXN00736,428.88,11,4717.68,2025-08-14,NSE
ACC0061,INFY,BUY,TXN00737,198.79,15,2981.85,2025-09-17,NSE
ACC0061,ICICI,BUY,TXN00738,183.1,4,732.4,2026-03-01,NSE
ACC0061,RELIANCE,BUY,TXN00739,291.23,1,291.23,2025-12-10,NSE
ACC0061,INFY,SELL,TXN00740,342.98,7,2400.86,2024-01-21,NSE
ACC0061,ICICI,SELL,TXN00741,485.68,5,2428.4,2023-10-22,NSE
ACC0061,SBIN,SELL,TXN00742,426.49,2,852.98,2023-07-13,NSE
ACC0061,INFY,SELL,TXN00743,431.07,1,431.07,2023-08-14,NSE
ACC0062,SBIN,BUY,TXN00744,456.7,6,2740.2,2025-01-14,NSE
ACC0062,ICICI,BUY,TXN00745,128.67,6,772.02,2024-05-18,NSE
ACC0062,RELIANCE,BUY,TXN00746,456.65,8,3653.2,2024-09-26,NSE
ACC0062,ICICI,BUY,TXN00747,315.9,17,5370.3,2025-05-21,NSE
ACC0062,TCS,BUY,TXN00748,304.54,12,3654.48,2024-06-04,NSE
ACC0062,INFY,BUY,TXN00749,146.21,1,146.21,2025-03-20,NSE
ACC0062,INFY,BUY,TXN00750,321.06,11,3531.66,2025-02-13,NSE
ACC0062,TCS,BUY,TXN00751,128.73,8,1029.84,2023-07-22,NSE
ACC0062,HDFC,BUY,TXN00752,129.4,9,1164.6,2025-07-22,NSE
ACC0062,RELIANCE,BUY,TXN00753,391.2,4,1564.8,2024-01-01,NSE
ACC0062,SBIN,BUY,TXN00754,424.01,2,848.02,2024-03-22,NSE
ACC0062,TCS,BUY,TXN00755,281.16,5,1405.8,2023-11-25,NSE
ACC0062,INFY,BUY,TXN00756,100.77,15,1511.55,2023-10-14,NSE
ACC0062,TCS,BUY,TXN00757,362.95,9,3266.55,2026-04-01,NSE
ACC0062,INFY,BUY,TXN00758,286.4,18,5155.2,2025-10-24,NSE
ACC0062,RELIANCE,BUY,TXN00759,332.52,19,6317.88,2024-01-26,NSE
ACC0062,SBIN,BUY,TXN00760,276.13,5,1380.65,2026-02-05,NSE
ACC0062,SBIN,SELL,TXN00761,449.59,18,8092.62,2025-02-11,NSE
ACC0062,TCS,SELL,TXN00762,277.88,14,3890.32,2024-05-31,NSE
ACC0062,HDFC,SELL,TXN00763,455.1,1,455.1,2025-12-15,NSE
ACC0062,SBIN,SELL,TXN00764,168.95,1,168.95,2023-12-22,NSE
ACC0063,INFY,BUY,TXN00765,144.94,10,1449.4,2024-06-14,NSE
ACC0063,RELIANCE,BUY,TXN00766,150.86,6,905.16,2023-10-21,NSE
ACC0063,TCS,BUY,TXN00767,342.85,20,6857.0,2024-03-08,NSE
ACC0063,ICICI,BUY,TXN00768,354.44,20,7088.8,2025-10-01,NSE
ACC0063,HDFC,BUY,TXN00769,451.68,8,3613.44,2023-12-27,NSE
ACC0063,INFY,BUY,TXN00770,201.4,11,2215.4,2025-11-09,NSE
ACC0063,ICICI,BUY,TXN00771,349.06,19,6632.14,2025-09-11,NSE
ACC0063,SBIN,BUY,TXN00772,301.0,10,3010.0,2024-09-20,NSE
ACC0063,SBIN,BUY,TXN00773,207.7,1,207.7,2024-10-10,NSE
ACC0063,TCS,BUY,TXN00774,250.25,5,1251.25,2024-09-21,NSE
ACC0063,ICICI,BUY,TXN00775,159.12,13,2068.56,2023-11-19,NSE
ACC0063,INFY,BUY,TXN00776,131.98,7,923.86,2025-10-24,NSE
ACC0063,HDFC,BUY,TXN00777,203.52,10,2035.2,2025-04-27,NSE
ACC0063,INFY,SELL,TXN00778,367.55,4,1470.2,2024-06-06,NSE
ACC0063,HDFC,SELL,TXN00779,282.83,2,565.66,2025-05-05,NSE
ACC0063,TCS,SELL,TXN00780,338.62,12,4063.44,2025-04-29,NSE
ACC0063,HDFC,SELL,TXN00781,347.39,11,3821.29,2024-09-10,NSE
ACC0063,ICICI,SELL,TXN00782,484.37,8,3874.96,2024-11-17,NSE
ACC0063,RELIANCE,SELL,TXN00783,357.15,1,357.15,2024-03-02,NSE
ACC0063,ICICI,SELL,TXN00784,277.63,1,277.63,2023-09-26,NSE
ACC0063,ICICI,SELL,TXN00785,284.89,4,1139.56,2023-12-25,NSE
ACC0064,SBIN,BUY,TXN00786,270.26,6,1621.56,2024-02-19,NSE
ACC0064,RELIANCE,BUY,TXN00787,465.6,8,3724.8,2024-12-04,NSE
ACC0064,ICICI,BUY,TXN00788,342.85,7,2399.95,2023-12-04,NSE
ACC0064,INFY,BUY,TXN00789,372.18,5,1860.9,2025-07-11,NSE
ACC0064,SBIN,BUY,TXN00790,228.3,2,456.6,2025-07-22,NSE
ACC0064,SBIN,BUY,TXN00791,489.61,6,2937.66,2025-12-06,NSE
ACC0064,HDFC,BUY,TXN00792,151.97,2,303.94,2025-04-25,NSE
ACC0064,SBIN,BUY,TXN00793,336.96,3,1010.88,2024-11-14,NSE
ACC0064,INFY,BUY,TXN00794,216.65,2,433.3,2026-02-18,NSE
ACC0064,TCS,SELL,TXN00795,226.38,18,4074.84,2024-11-10,NSE
ACC0064,HDFC,SELL,TXN00796,324.43,10,3244.3,2025-11-01,NSE
ACC0064,TCS,SELL,TXN00797,192.14,3,576.42,2024-12-06,NSE
ACC0064,HDFC,SELL,TXN00798,317.94,1,317.94,2026-01-30,NSE
ACC0065,ICICI,BUY,TXN00799,496.7,20,9934.0,2024-08-14,NSE
ACC0065,SBIN,BUY,TXN00800,422.3,16,6756.8,2026-02-19,NSE
ACC0065,TCS,BUY,TXN00801,279.14,18,5024.52,2024-06-03,NSE
ACC0065,SBIN,BUY,TXN00802,449.38,12,5392.56,2026-02-15,NSE
ACC0065,INFY,BUY,TXN00803,490.55,15,7358.25,2026-03-14,NSE
ACC0065,TCS,BUY,TXN00804,198.96,2,397.92,2026-03-18,NSE
ACC0065,HDFC,BUY,TXN00805,102.76,1,102.76,2026-02-17,NSE
ACC0065,SBIN,SELL,TXN00806,383.76,2,767.52,2023-08-05,NSE
ACC0065,ICICI,SELL,TXN00807,161.51,7,1130.57,2024-09-01,NSE
ACC0065,INFY,SELL,TXN00808,440.7,5,2203.5,2023-09-14,NSE
ACC0065,HDFC,SELL,TXN00809,436.99,4,1747.96,2023-10-04,NSE
ACC0066,TCS,BUY,TXN00810,310.55,1,310.55,2025-10-19,NSE
ACC0066,HDFC,BUY,TXN00811,182.24,12,2186.88,2023-09-19,NSE
ACC0066,TCS,BUY,TXN00812,493.33,6,2959.98,2024-10-31,NSE
ACC0066,INFY,BUY,TXN00813,106.18,9,955.62,2025-11-19,NSE
ACC0066,ICICI,BUY,TXN00814,435.72,5,2178.6,2025-07-04,NSE
ACC0066,HDFC,BUY,TXN00815,222.32,9,2000.88,2025-02-21,NSE
ACC0066,INFY,BUY,TXN00816,230.63,11,2536.93,2025-07-04,NSE
ACC0066,INFY,BUY,TXN00817,122.72,5,613.6,2023-11-06,NSE
ACC0066,RELIANCE,BUY,TXN00818,302.52,18,5445.36,2025-04-19,NSE
ACC0066,SBIN,BUY,TXN00819,343.88,6,2063.28,2025-05-24,NSE
ACC0066,INFY,BUY,TXN00820,180.29,15,2704.35,2024-03-27,NSE
ACC0066,RELIANCE,BUY,TXN00821,193.97,15,2909.55,2024-02-06,NSE
ACC0066,INFY,BUY,TXN00822,260.21,12,3122.52,2024-12-29,NSE
ACC0066,INFY,BUY,TXN00823,495.06,1,495.06,2026-04-02,NSE
ACC0066,ICICI,SELL,TXN00824,486.15,10,4861.5,2024-04-04,NSE
ACC0066,ICICI,SELL,TXN00825,326.84,1,326.84,2025-11-01,NSE
ACC0066,SBIN,SELL,TXN00826,444.67,20,8893.4,2023-10-21,NSE
ACC0066,SBIN,SELL,TXN00827,340.18,3,1020.54,2025-06-09,NSE
ACC0066,INFY,SELL,TXN00828,400.15,9,3601.35,2025-03-19,NSE
ACC0066,HDFC,SELL,TXN00829,495.07,2,990.14,2024-09-22,NSE
ACC0066,SBIN,SELL,TXN00830,288.85,1,288.85,2025-07-27,NSE
ACC0067,TCS,BUY,TXN00831,365.46,1,365.46,2023-12-17,NSE
ACC0067,TCS,BUY,TXN00832,402.05,11,4422.55,2025-04-30,NSE
ACC0067,HDFC,BUY,TXN00833,172.7,12,2072.4,2025-09-12,NSE
ACC0067,SBIN,BUY,TXN00834,223.74,12,2684.88,2025-01-13,NSE
ACC0067,SBIN,BUY,TXN00835,156.01,1,156.01,2025-11-17,NSE
ACC0067,INFY,BUY,TXN00836,178.59,20,3571.8,2025-03-16,NSE
ACC0067,HDFC,BUY,TXN00837,422.07,13,5486.91,2025-03-28,NSE
ACC0067,TCS,BUY,TXN00838,275.48,1,275.48,2025-03-22,NSE
ACC0067,TCS,BUY,TXN00839,329.14,18,5924.52,2024-05-30,NSE
ACC0067,ICICI,BUY,TXN00840,208.65,16,3338.4,2024-10-07,NSE
ACC0067,TCS,BUY,TXN00841,492.36,17,8370.12,2025-03-30,NSE
ACC0067,HDFC,BUY,TXN00842,131.0,5,655.0,2025-05-13,NSE
ACC0067,INFY,BUY,TXN00843,425.46,1,425.46,2025-01-28,NSE
ACC0068,RELIANCE,BUY,TXN00844,178.43,14,2498.02,2023-09-13,NSE
ACC0068,ICICI,BUY,TXN00845,415.96,1,415.96,2023-12-16,NSE
ACC0068,SBIN,BUY,TXN00846,469.51,3,1408.53,2024-10-10,NSE
ACC0068,HDFC,BUY,TXN00847,143.78,9,1294.02,2023-09-15,NSE
ACC0068,INFY,BUY,TXN00848,374.62,1,374.62,2025-03-08,NSE
ACC0068,TCS,BUY,TXN00849,148.87,2,297.74,2023-09-18,NSE
ACC0068,INFY,SELL,TXN00850,138.81,7,971.67,2024-02-18,NSE
ACC0068,TCS,SELL,TXN00851,276.18,3,828.54,2025-06-09,NSE
ACC0068,SBIN,SELL,TXN00852,212.79,2,425.58,2024-09-27,NSE
ACC0068,HDFC,SELL,TXN00853,249.82,1,249.82,2026-04-03,NSE
ACC0068,INFY,SELL,TXN00854,431.26,2,862.52,2025-08-24,NSE
ACC0068,SBIN,SELL,TXN00855,371.86,1,371.86,2025-04-22,NSE
ACC0069,HDFC,BUY,TXN00856,498.42,6,2990.52,2026-01-28,NSE
ACC0069,TCS,BUY,TXN00857,222.18,12,2666.16,2025-12-14,NSE
ACC0069,SBIN,BUY,TXN00858,492.99,14,6901.86,2025-09-26,NSE
ACC0069,TCS,BUY,TXN00859,399.44,11,4393.84,2024-07-09,NSE
ACC0069,INFY,BUY,TXN00860,222.63,15,3339.45,2024-05-26,NSE
ACC0069,HDFC,BUY,TXN00861,168.72,20,3374.4,2024-02-21,NSE
ACC0069,SBIN,BUY,TXN00862,284.57,6,1707.42,2025-07-18,NSE
ACC0069,RELIANCE,BUY,TXN00863,133.76,9,1203.84,2024-04-20,NSE
ACC0069,TCS,BUY,TXN00864,415.49,14,5816.86,2023-07-16,NSE
ACC0069,INFY,BUY,TXN00865,115.37,16,1845.92,2025-07-10,NSE
ACC0069,TCS,BUY,TXN00866,281.9,13,3664.7,2025-03-04,NSE
ACC0069,INFY,BUY,TXN00867,344.35,3,1033.05,2024-05-07,NSE
ACC0069,INFY,SELL,TXN00868,367.97,11,4047.67,2024-06-28,NSE
ACC0069,INFY,SELL,TXN00869,143.31,16,2292.96,2024-11-21,NSE
ACC0069,ICICI,SELL,TXN00870,181.14,4,724.56,2025-05-04,NSE
ACC0069,TCS,SELL,TXN00871,179.59,3,538.77,2025-04-06,NSE
ACC0069,INFY,SELL,TXN00872,410.36,1,410.36,2025-02-25,NSE
ACC0069,ICICI,SELL,TXN00873,265.39,1,265.39,2024-08-14,NSE
ACC0069,TCS,SELL,TXN00874,300.13,2,600.26,2025-05-02,NSE
ACC0069,ICICI,SELL,TXN00875,435.99,1,435.99,2024-04-27,NSE
ACC0070,HDFC,BUY,TXN00876,113.17,20,2263.4,2024-09-25,NSE
ACC0070,HDFC,BUY,TXN00877,115.65,11,1272.15,2026-02-27,NSE
ACC0070,INFY,BUY,TXN00878,306.62,1,306.62,2025-11-19,NSE
ACC0070,INFY,BUY,TXN00879,268.27,1,268.27,2025-04-19,NSE
ACC0070,ICICI,SELL,TXN00880,141.12,3,423.36,2024-03-17,NSE
ACC0070,RELIANCE,SELL,TXN00881,126.11,5,630.55,2024-11-18,NSE
ACC0071,TCS,BUY,TXN00882,126.62,8,1012.96,2024-02-28,NSE
ACC0071,RELIANCE,BUY,TXN00883,342.14,3,1026.42,2024-07-28,NSE
ACC0071,SBIN,BUY,TXN00884,452.07,8,3616.56,2023-08-14,NSE
ACC0071,ICICI,BUY,TXN00885,152.38,5,761.9,2023-12-22,NSE
ACC0071,HDFC,BUY,TXN00886,205.9,5,1029.5,2023-08-18,NSE
ACC0071,ICICI,BUY,TXN00887,495.41,2,990.82,2025-06-01,NSE
ACC0071,TCS,BUY,TXN00888,256.44,1,256.44,2025-07-26,NSE
ACC0071,ICICI,BUY,TXN00889,179.7,1,179.7,2023-08-07,NSE
ACC0071,INFY,BUY,TXN00890,466.81,1,466.81,2024-12-08,NSE
ACC0071,RELIANCE,SELL,TXN00891,210.5,9,1894.5,2023-11-24,NSE
ACC0071,RELIANCE,SELL,TXN00892,263.59,2,527.18,2024-12-14,NSE
ACC0071,RELIANCE,SELL,TXN00893,116.04,2,232.08,2025-01-10,NSE
ACC0071,TCS,SELL,TXN00894,228.94,1,228.94,2025-05-02,NSE
ACC0071,HDFC,SELL,TXN00895,287.39,2,574.78,2024-05-06,NSE
ACC0072,RELIANCE,BUY,TXN00896,488.96,8,3911.68,2025-09-07,NSE
ACC0072,TCS,BUY,TXN00897,254.12,18,4574.16,2025-11-09,NSE
ACC0072,ICICI,BUY,TXN00898,299.36,14,4191.04,2025-02-06,NSE
ACC0072,TCS,BUY,TXN00899,423.94,10,4239.4,2023-08-18,NSE
ACC0072,HDFC,BUY,TXN00900,366.49,16,5863.84,2024-06-08,NSE
ACC0072,RELIANCE,BUY,TXN00901,458.67,20,9173.4,2023-07-15,NSE
ACC0072,TCS,BUY,TXN00902,369.42,1,369.42,2024-10-01,NSE
ACC0072,RELIANCE,BUY,TXN00903,355.61,5,1778.05,2025-03-21,NSE
ACC0072,ICICI,BUY,TXN00904,140.16,20,2803.2,2026-01-09,NSE
ACC0072,INFY,BUY,TXN00905,206.72,4,826.88,2024-09-16,NSE
ACC0072,TCS,BUY,TXN00906,368.1,13,4785.3,2024-05-21,NSE
ACC0072,ICICI,BUY,TXN00907,425.94,15,6389.1,2026-03-23,NSE
ACC0072,TCS,BUY,TXN00908,328.35,16,5253.6,2024-10-31,NSE
ACC0072,HDFC,BUY,TXN00909,417.25,20,8345.0,2024-03-31,NSE
ACC0072,HDFC,BUY,TXN00910,370.16,7,2591.12,2025-08-22,NSE
ACC0072,TCS,BUY,TXN00911,332.98,7,2330.86,2024-11-08,NSE
ACC0072,HDFC,BUY,TXN00912,142.09,1,142.09,2025-03-24,NSE
ACC0072,SBIN,SELL,TXN00913,440.18,1,440.18,2026-01-24,NSE
ACC0072,SBIN,SELL,TXN00914,377.03,4,1508.12,2025-07-28,NSE
ACC0073,INFY,BUY,TXN00915,313.38,19,5954.22,2025-10-17,NSE
ACC0073,TCS,BUY,TXN00916,398.17,15,5972.55,2024-04-22,NSE
ACC0073,SBIN,BUY,TXN00917,434.85,9,3913.65,2026-01-28,NSE
ACC0073,TCS,BUY,TXN00918,404.42,12,4853.04,2025-12-10,NSE
ACC0073,RELIANCE,BUY,TXN00919,255.68,10,2556.8,2023-07-24,NSE
ACC0073,SBIN,BUY,TXN00920,414.15,17,7040.55,2025-09-25,NSE
ACC0073,HDFC,BUY,TXN00921,431.75,13,5612.75,2025-11-26,NSE
ACC0073,SBIN,BUY,TXN00922,134.62,16,2153.92,2025-05-21,NSE
ACC0073,SBIN,BUY,TXN00923,355.05,6,2130.3,2026-02-15,NSE
ACC0073,TCS,BUY,TXN00924,241.28,2,482.56,2024-12-06,NSE
ACC0073,TCS,BUY,TXN00925,438.89,1,438.89,2023-10-11,NSE
ACC0073,ICICI,SELL,TXN00926,234.91,7,1644.37,2024-11-26,NSE
ACC0074,TCS,BUY,TXN00927,239.32,1,239.32,2025-06-20,NSE
ACC0074,TCS,BUY,TXN00928,131.39,5,656.95,2025-12-06,NSE
ACC0074,SBIN,BUY,TXN00929,438.3,19,8327.7,2025-09-06,NSE
ACC0074,SBIN,BUY,TXN00930,463.37,11,5097.07,2023-09-22,NSE
ACC0074,RELIANCE,BUY,TXN00931,119.57,18,2152.26,2024-05-28,NSE
ACC0074,HDFC,BUY,TXN00932,220.08,20,4401.6,2025-06-14,NSE
ACC0074,INFY,BUY,TXN00933,109.89,11,1208.79,2025-09-19,NSE
ACC0074,SBIN,BUY,TXN00934,205.68,18,3702.24,2023-12-31,NSE
ACC0074,TCS,BUY,TXN00935,351.5,15,5272.5,2023-10-31,NSE
ACC0074,SBIN,BUY,TXN00936,301.54,10,3015.4,2025-06-30,NSE
ACC0074,RELIANCE,BUY,TXN00937,107.81,14,1509.34,2025-07-23,NSE
ACC0074,ICICI,BUY,TXN00938,194.25,10,1942.5,2024-01-07,NSE
ACC0074,ICICI,BUY,TXN00939,107.2,12,1286.4,2026-01-04,NSE
ACC0074,HDFC,BUY,TXN00940,247.26,19,4697.94,2024-10-05,NSE
ACC0074,RELIANCE,BUY,TXN00941,122.01,3,366.03,2024-05-19,NSE
ACC0074,TCS,BUY,TXN00942,305.23,3,915.69,2024-11-05,NSE
ACC0074,INFY,BUY,TXN00943,323.03,1,323.03,2024-01-08,NSE
ACC0074,RELIANCE,SELL,TXN00944,472.99,7,3310.93,2024-12-03,NSE
ACC0074,RELIANCE,SELL,TXN00945,243.52,8,1948.16,2025-02-10,NSE
ACC0074,HDFC,SELL,TXN00946,248.7,18,4476.6,2023-08-03,NSE
ACC0074,SBIN,SELL,TXN00947,171.41,4,685.64,2024-01-10,NSE
ACC0074,TCS,SELL,TXN00948,387.79,8,3102.32,2024-09-29,NSE
ACC0074,INFY,SELL,TXN00949,386.0,1,386.0,2025-06-18,NSE
ACC0074,RELIANCE,SELL,TXN00950,135.53,2,271.06,2024-02-16,NSE
ACC0075,SBIN,BUY,TXN00951,176.49,20,3529.8,2024-10-08,NSE
ACC0075,RELIANCE,BUY,TXN00952,372.75,18,6709.5,2026-03-28,NSE
ACC0075,SBIN,BUY,TXN00953,222.15,7,1555.05,2025-03-10,NSE
ACC0075,HDFC,BUY,TXN00954,262.33,1,262.33,2025-06-09,NSE
ACC0075,HDFC,BUY,TXN00955,104.03,5,520.15,2023-12-08,NSE
ACC0075,HDFC,BUY,TXN00956,239.95,1,239.95,2026-01-11,NSE
ACC0075,SBIN,SELL,TXN00957,160.76,11,1768.36,2023-08-12,NSE
ACC0075,HDFC,SELL,TXN00958,456.94,10,4569.4,2025-05-12,NSE
ACC0075,TCS,SELL,TXN00959,489.76,19,9305.44,2024-09-23,NSE
ACC0075,RELIANCE,SELL,TXN00960,217.3,1,217.3,2026-02-24,NSE
ACC0075,TCS,SELL,TXN00961,394.75,1,394.75,2023-11-11,NSE
ACC0075,HDFC,SELL,TXN00962,269.55,1,269.55,2024-07-30,NSE
ACC0075,ICICI,SELL,TXN00963,219.93,1,219.93,2024-01-12,NSE
ACC0076,RELIANCE,BUY,TXN00964,240.59,5,1202.95,2024-01-31,NSE
ACC0076,RELIANCE,BUY,TXN00965,445.96,2,891.92,2025-05-15,NSE
ACC0076,TCS,BUY,TXN00966,231.23,2,462.46,2025-03-15,NSE
ACC0076,HDFC,BUY,TXN00967,257.99,18,4643.82,2024-01-10,NSE
ACC0076,ICICI,BUY,TXN00968,353.16,20,7063.2,2024-02-09,NSE
ACC0076,ICICI,BUY,TXN00969,279.88,6,1679.28,2024-05-24,NSE
ACC0076,HDFC,BUY,TXN00970,404.67,13,5260.71,2025-06-19,NSE
ACC0076,RELIANCE,BUY,TXN00971,119.28,19,2266.32,2025-08-26,NSE
ACC0076,INFY,BUY,TXN00972,396.6,8,3172.8,2024-02-19,NSE
ACC0076,HDFC,SELL,TXN00973,113.18,1,113.18,2025-03-26,NSE
ACC0076,RELIANCE,SELL,TXN00974,453.31,4,1813.24,2024-08-15,NSE
ACC0076,ICICI,SELL,TXN00975,127.26,3,381.78,2024-03-31,NSE
ACC0076,RELIANCE,SELL,TXN00976,438.89,1,438.89,2025-11-18,NSE
ACC0077,INFY,BUY,TXN00977,180.36,5,901.8,2025-01-14,NSE
ACC0077,SBIN,BUY,TXN00978,326.55,3,979.65,2025-07-17,NSE
ACC0077,RELIANCE,BUY,TXN00979,425.63,13,5533.19,2024-10-26,NSE
ACC0077,RELIANCE,BUY,TXN00980,377.63,9,3398.67,2024-09-17,NSE
ACC0077,INFY,BUY,TXN00981,201.08,1,201.08,2023-10-11,NSE
ACC0077,SBIN,BUY,TXN00982,283.18,1,283.18,2024-03-25,NSE
ACC0077,RELIANCE,SELL,TXN00983,470.65,1,470.65,2025-03-17,NSE
ACC0077,INFY,SELL,TXN00984,194.85,11,2143.35,2025-04-08,NSE
ACC0078,ICICI,BUY,TXN00985,232.75,17,3956.75,2026-02-18,NSE
ACC0078,HDFC,BUY,TXN00986,119.19,4,476.76,2023-09-08,NSE
ACC0078,SBIN,BUY,TXN00987,499.57,5,2497.85,2025-02-24,NSE
ACC0078,RELIANCE,BUY,TXN00988,172.35,7,1206.45,2024-07-15,NSE
ACC0078,RELIANCE,BUY,TXN00989,388.66,16,6218.56,2025-07-10,NSE
ACC0078,RELIANCE,BUY,TXN00990,464.25,5,2321.25,2026-01-24,NSE
ACC0078,TCS,BUY,TXN00991,313.16,9,2818.44,2025-02-02,NSE
ACC0078,RELIANCE,BUY,TXN00992,476.66,2,953.32,2023-11-26,NSE
ACC0078,TCS,SELL,TXN00993,258.77,12,3105.24,2024-07-02,NSE
ACC0078,INFY,SELL,TXN00994,128.09,3,384.27,2023-10-06,NSE
ACC0078,ICICI,SELL,TXN00995,347.28,8,2778.24,2025-06-11,NSE
ACC0078,INFY,SELL,TXN00996,471.57,1,471.57,2024-05-08,NSE
ACC0078,ICICI,SELL,TXN00997,458.23,1,458.23,2025-03-02,NSE
ACC0079,RELIANCE,BUY,TXN00998,237.25,14,3321.5,2023-09-06,NSE
ACC0079,INFY,BUY,TXN00999,318.37,11,3502.07,2024-09-13,NSE
ACC0079,ICICI,BUY,TXN01000,215.08,17,3656.36,2024-12-13,NSE
ACC0079,TCS,BUY,TXN01001,248.99,1,248.99,2024-11-26,NSE
ACC0079,TCS,BUY,TXN01002,489.16,2,978.32,2024-01-19,NSE
ACC0079,ICICI,BUY,TXN01003,261.51,1,261.51,2024-08-30,NSE
ACC0079,TCS,BUY,TXN01004,365.02,11,4015.22,2024-01-02,NSE
ACC0079,ICICI,BUY,TXN01005,471.39,14,6599.46,2024-02-26,NSE
ACC0079,ICICI,BUY,TXN01006,311.1,10,3111.0,2024-09-19,NSE
ACC0079,TCS,BUY,TXN01007,256.29,6,1537.74,2025-10-31,NSE
ACC0079,ICICI,BUY,TXN01008,464.59,6,2787.54,2025-06-15,NSE
ACC0079,HDFC,BUY,TXN01009,191.82,8,1534.56,2023-08-15,NSE
ACC0079,SBIN,BUY,TXN01010,295.56,2,591.12,2025-01-14,NSE
ACC0079,HDFC,BUY,TXN01011,323.68,6,1942.08,2024-01-10,NSE
ACC0079,TCS,BUY,TXN01012,186.48,13,2424.24,2026-02-06,NSE
ACC0079,RELIANCE,BUY,TXN01013,385.99,16,6175.84,2024-01-25,NSE
ACC0079,TCS,BUY,TXN01014,458.28,2,916.56,2024-12-03,NSE
ACC0079,RELIANCE,BUY,TXN01015,129.36,9,1164.24,2024-10-02,NSE
ACC0079,ICICI,BUY,TXN01016,305.64,12,3667.68,2024-07-15,NSE
ACC0079,TCS,BUY,TXN01017,146.61,1,146.61,2025-09-16,NSE
ACC0079,RELIANCE,BUY,TXN01018,251.13,1,251.13,2025-11-01,NSE
ACC0079,INFY,SELL,TXN01019,252.85,8,2022.8,2026-02-22,NSE
ACC0079,SBIN,SELL,TXN01020,220.27,3,660.81,2026-01-10,NSE
ACC0079,TCS,SELL,TXN01021,393.64,6,2361.84,2025-11-20,NSE
ACC0079,RELIANCE,SELL,TXN01022,318.26,8,2546.08,2023-09-20,NSE
ACC0080,INFY,BUY,TXN01023,132.21,1,132.21,2025-07-02,NSE
ACC0080,RELIANCE,BUY,TXN01024,143.06,18,2575.08,2023-09-07,NSE
ACC0080,SBIN,BUY,TXN01025,284.16,15,4262.4,2023-11-15,NSE
ACC0080,INFY,BUY,TXN01026,113.97,4,455.88,2025-10-22,NSE
ACC0080,SBIN,BUY,TXN01027,380.09,14,5321.26,2023-12-25,NSE
ACC0080,SBIN,BUY,TXN01028,483.21,9,4348.89,2024-07-06,NSE
ACC0080,ICICI,BUY,TXN01029,148.96,7,1042.72,2023-09-07,NSE
ACC0080,SBIN,BUY,TXN01030,209.26,15,3138.9,2026-01-10,NSE
ACC0080,RELIANCE,BUY,TXN01031,445.86,2,891.72,2024-04-26,NSE
ACC0080,SBIN,BUY,TXN01032,299.0,3,897.0,2026-02-27,NSE
ACC0080,TCS,BUY,TXN01033,218.81,12,2625.72,2026-03-12,NSE
ACC0080,HDFC,BUY,TXN01034,441.81,13,5743.53,2025-04-21,NSE
ACC0080,INFY,BUY,TXN01035,155.69,9,1401.21,2023-12-17,NSE
ACC0080,ICICI,BUY,TXN01036,117.62,9,1058.58,2025-07-28,NSE
ACC0080,INFY,BUY,TXN01037,406.06,12,4872.72,2023-11-11,NSE
ACC0080,HDFC,BUY,TXN01038,389.7,1,389.7,2023-11-12,NSE
ACC0080,ICICI,BUY,TXN01039,133.51,8,1068.08,2023-09-25,NSE
ACC0080,RELIANCE,BUY,TXN01040,242.66,9,2183.94,2025-10-06,NSE
ACC0080,HDFC,BUY,TXN01041,117.96,10,1179.6,2024-05-20,NSE
ACC0080,SBIN,BUY,TXN01042,112.76,17,1916.92,2024-01-20,NSE
ACC0080,ICICI,BUY,TXN01043,202.32,4,809.28,2025-12-20,NSE
ACC0080,SBIN,BUY,TXN01044,380.13,1,380.13,2023-09-16,NSE
ACC0080,INFY,SELL,TXN01045,205.44,5,1027.2,2024-03-27,NSE
ACC0080,SBIN,SELL,TXN01046,471.47,2,942.94,2026-01-14,NSE
ACC0081,ICICI,BUY,TXN01047,260.05,15,3900.75,2026-02-10,NSE
ACC0081,INFY,BUY,TXN01048,328.13,8,2625.04,2025-07-22,NSE
ACC0081,RELIANCE,BUY,TXN01049,474.24,3,1422.72,2023-07-19,NSE
ACC0081,ICICI,BUY,TXN01050,464.28,19,8821.32,2024-03-04,NSE
ACC0081,SBIN,BUY,TXN01051,100.78,5,503.9,2024-11-29,NSE
ACC0081,INFY,BUY,TXN01052,160.27,17,2724.59,2026-04-03,NSE
ACC0081,INFY,BUY,TXN01053,387.96,18,6983.28,2024-05-01,NSE
ACC0081,SBIN,BUY,TXN01054,234.19,8,1873.52,2025-09-18,NSE
ACC0081,HDFC,BUY,TXN01055,176.13,17,2994.21,2025-09-20,NSE
ACC0081,HDFC,BUY,TXN01056,254.54,5,1272.7,2025-03-29,NSE
ACC0081,ICICI,BUY,TXN01057,344.41,4,1377.64,2025-06-25,NSE
ACC0081,HDFC,BUY,TXN01058,231.08,1,231.08,2024-05-31,NSE
ACC0081,ICICI,BUY,TXN01059,364.56,16,5832.96,2023-11-23,NSE
ACC0081,RELIANCE,BUY,TXN01060,329.44,7,2306.08,2025-02-01,NSE
ACC0081,SBIN,BUY,TXN01061,279.62,4,1118.48,2024-06-16,NSE
ACC0081,INFY,BUY,TXN01062,483.74,1,483.74,2024-01-11,NSE
ACC0081,SBIN,BUY,TXN01063,104.21,3,312.63,2025-05-30,NSE
ACC0081,RELIANCE,BUY,TXN01064,236.66,1,236.66,2023-08-01,NSE
ACC0081,TCS,SELL,TXN01065,243.71,18,4386.78,2023-11-22,NSE
ACC0081,SBIN,SELL,TXN01066,406.13,3,1218.39,2026-01-22,NSE
ACC0082,INFY,BUY,TXN01067,319.9,1,319.9,2025-07-14,NSE
ACC0082,INFY,BUY,TXN01068,276.75,12,3321.0,2025-03-07,NSE
ACC0082,SBIN,BUY,TXN01069,453.0,15,6795.0,2024-06-21,NSE
ACC0082,SBIN,BUY,TXN01070,179.33,13,2331.29,2024-04-23,NSE
ACC0082,INFY,BUY,TXN01071,476.48,19,9053.12,2024-11-14,NSE
ACC0082,RELIANCE,BUY,TXN01072,245.69,16,3931.04,2025-06-17,NSE
ACC0082,SBIN,BUY,TXN01073,134.84,3,404.52,2025-12-26,NSE
ACC0082,ICICI,BUY,TXN01074,217.78,4,871.12,2025-05-10,NSE
ACC0082,INFY,BUY,TXN01075,219.17,5,1095.85,2025-05-09,NSE
ACC0082,INFY,BUY,TXN01076,439.25,1,439.25,2024-12-22,NSE
ACC0082,RELIANCE,BUY,TXN01077,429.1,8,3432.8,2024-02-17,NSE
ACC0082,ICICI,BUY,TXN01078,216.98,5,1084.9,2025-01-07,NSE
ACC0082,SBIN,BUY,TXN01079,317.71,3,953.13,2025-03-21,NSE
ACC0082,ICICI,BUY,TXN01080,481.38,17,8183.46,2025-07-10,NSE
ACC0082,SBIN,BUY,TXN01081,117.77,4,471.08,2024-05-30,NSE
ACC0082,ICICI,BUY,TXN01082,452.78,13,5886.14,2023-09-09,NSE
ACC0082,INFY,BUY,TXN01083,213.54,4,854.16,2025-09-04,NSE
ACC0082,SBIN,BUY,TXN01084,202.38,7,1416.66,2023-09-29,NSE
ACC0082,RELIANCE,BUY,TXN01085,438.06,10,4380.6,2024-10-28,NSE
ACC0082,INFY,SELL,TXN01086,308.37,3,925.11,2024-01-12,NSE
ACC0082,RELIANCE,SELL,TXN01087,428.84,10,4288.4,2024-11-23,NSE
ACC0082,SBIN,SELL,TXN01088,195.5,1,195.5,2023-10-30,NSE
ACC0082,ICICI,SELL,TXN01089,479.58,2,959.16,2024-01-08,NSE
ACC0082,RELIANCE,SELL,TXN01090,350.43,1,350.43,2024-03-09,NSE
ACC0082,INFY,SELL,TXN01091,367.47,1,367.47,2024-11-09,NSE
ACC0083,SBIN,BUY,TXN01092,159.52,6,957.12,2025-05-27,NSE
ACC0083,SBIN,BUY,TXN01093,336.82,8,2694.56,2023-08-04,NSE
ACC0083,HDFC,BUY,TXN01094,307.71,1,307.71,2025-01-17,NSE
ACC0083,HDFC,BUY,TXN01095,325.81,11,3583.91,2025-04-15,NSE
ACC0083,ICICI,BUY,TXN01096,246.46,19,4682.74,2024-11-12,NSE
ACC0083,INFY,BUY,TXN01097,114.62,14,1604.68,2025-06-11,NSE
ACC0083,SBIN,BUY,TXN01098,285.43,3,856.29,2025-04-11,NSE
ACC0083,RELIANCE,BUY,TXN01099,179.85,14,2517.9,2026-03-25,NSE
ACC0083,TCS,BUY,TXN01100,443.07,2,886.14,2023-08-10,NSE
ACC0083,HDFC,BUY,TXN01101,194.52,15,2917.8,2023-08-07,NSE
ACC0083,TCS,BUY,TXN01102,130.82,20,2616.4,2024-08-31,NSE
ACC0083,SBIN,BUY,TXN01103,163.51,8,1308.08,2026-01-27,NSE
ACC0083,SBIN,BUY,TXN01104,164.07,6,984.42,2024-05-12,NSE
ACC0083,HDFC,BUY,TXN01105,346.89,1,346.89,2026-03-09,NSE
ACC0083,INFY,BUY,TXN01106,155.56,9,1400.04,2024-07-01,NSE
ACC0083,HDFC,BUY,TXN01107,177.19,9,1594.71,2023-09-20,NSE
ACC0083,INFY,BUY,TXN01108,171.0,16,2736.0,2023-09-24,NSE
ACC0083,INFY,BUY,TXN01109,234.63,19,4457.97,2025-01-27,NSE
ACC0083,TCS,BUY,TXN01110,122.47,20,2449.4,2025-03-20,NSE
ACC0083,INFY,BUY,TXN01111,242.7,3,728.1,2024-02-22,NSE
ACC0083,INFY,BUY,TXN01112,189.1,4,756.4,2025-08-23,NSE
ACC0083,SBIN,BUY,TXN01113,229.9,1,229.9,2025-07-01,NSE
ACC0083,SBIN,BUY,TXN01114,347.47,2,694.94,2023-11-12,NSE
ACC0083,TCS,BUY,TXN01115,316.1,1,316.1,2024-05-11,NSE
ACC0083,SBIN,SELL,TXN01116,482.67,11,5309.37,2025-11-11,NSE
ACC0083,INFY,SELL,TXN01117,359.02,1,359.02,2025-08-01,NSE
ACC0083,HDFC,SELL,TXN01118,210.14,1,210.14,2026-03-04,NSE
ACC0083,SBIN,SELL,TXN01119,340.74,1,340.74,2024-05-07,NSE
ACC0084,TCS,BUY,TXN01120,146.99,10,1469.9,2025-08-21,NSE
ACC0084,TCS,BUY,TXN01121,218.2,19,4145.8,2025-11-13,NSE
ACC0084,RELIANCE,BUY,TXN01122,334.14,18,6014.52,2025-08-14,NSE
ACC0084,INFY,BUY,TXN01123,413.39,20,8267.8,2026-01-22,NSE
ACC0084,INFY,BUY,TXN01124,409.95,7,2869.65,2024-03-28,NSE
ACC0084,RELIANCE,BUY,TXN01125,169.42,12,2033.04,2024-04-25,NSE
ACC0084,HDFC,BUY,TXN01126,454.06,17,7719.02,2023-12-23,NSE
ACC0084,HDFC,BUY,TXN01127,349.7,19,6644.3,2024-07-26,NSE
ACC0084,SBIN,BUY,TXN01128,142.74,2,285.48,2025-02-15,NSE
ACC0084,ICICI,BUY,TXN01129,444.59,19,8447.21,2024-01-07,NSE
ACC0084,TCS,BUY,TXN01130,305.28,17,5189.76,2024-04-17,NSE
ACC0084,HDFC,BUY,TXN01131,156.27,2,312.54,2026-02-06,NSE
ACC0084,INFY,BUY,TXN01132,335.75,2,671.5,2023-10-22,NSE
ACC0084,HDFC,BUY,TXN01133,497.89,1,497.89,2025-06-19,NSE
ACC0084,HDFC,BUY,TXN01134,249.52,2,499.04,2025-12-10,NSE
ACC0084,TCS,BUY,TXN01135,168.01,1,168.01,2025-03-19,NSE
ACC0084,TCS,SELL,TXN01136,270.51,18,4869.18,2025-02-16,NSE
ACC0084,HDFC,SELL,TXN01137,352.9,1,352.9,2026-03-25,NSE
ACC0084,INFY,SELL,TXN01138,424.86,3,1274.58,2025-07-17,NSE
ACC0084,TCS,SELL,TXN01139,300.23,1,300.23,2025-07-19,NSE
ACC0084,HDFC,SELL,TXN01140,153.71,1,153.71,2024-04-02,NSE
ACC0085,RELIANCE,BUY,TXN01141,363.47,11,3998.17,2025-10-10,NSE
ACC0085,SBIN,BUY,TXN01142,136.04,8,1088.32,2024-01-16,NSE
ACC0085,RELIANCE,BUY,TXN01143,449.3,17,7638.1,2024-11-29,NSE
ACC0085,ICICI,BUY,TXN01144,129.56,12,1554.72,2023-12-09,NSE
ACC0085,INFY,BUY,TXN01145,429.59,2,859.18,2023-08-19,NSE
ACC0085,SBIN,BUY,TXN01146,174.65,1,174.65,2024-09-06,NSE
ACC0085,HDFC,BUY,TXN01147,239.94,1,239.94,2023-10-21,NSE
ACC0085,SBIN,BUY,TXN01148,120.05,1,120.05,2026-01-30,NSE
ACC0085,TCS,BUY,TXN01149,301.27,1,301.27,2025-09-10,NSE
ACC0085,RELIANCE,BUY,TXN01150,336.72,2,673.44,2025-06-06,NSE
ACC0085,SBIN,BUY,TXN01151,115.84,1,115.84,2024-05-01,NSE
ACC0085,ICICI,BUY,TXN01152,258.43,1,258.43,2025-11-23,NSE
ACC0085,ICICI,SELL,TXN01153,204.27,5,1021.35,2025-07-20,NSE
ACC0085,RELIANCE,SELL,TXN01154,139.49,12,1673.88,2025-04-12,NSE
ACC0085,RELIANCE,SELL,TXN01155,248.85,14,3483.9,2024-04-01,NSE
ACC0086,INFY,BUY,TXN01156,410.94,14,5753.16,2025-08-15,NSE
ACC0086,HDFC,BUY,TXN01157,449.07,6,2694.42,2023-11-08,NSE
ACC0086,RELIANCE,BUY,TXN01158,464.67,19,8828.73,2026-01-28,NSE
ACC0086,SBIN,BUY,TXN01159,389.1,4,1556.4,2025-07-01,NSE
ACC0086,ICICI,BUY,TXN01160,305.68,15,4585.2,2024-11-18,NSE
ACC0086,RELIANCE,BUY,TXN01161,371.62,6,2229.72,2025-12-08,NSE
ACC0086,INFY,BUY,TXN01162,163.02,5,815.1,2024-01-23,NSE
ACC0086,SBIN,BUY,TXN01163,323.08,2,646.16,2024-02-10,NSE
ACC0086,SBIN,BUY,TXN01164,269.93,2,539.86,2025-06-28,NSE
ACC0086,RELIANCE,BUY,TXN01165,292.99,12,3515.88,2025-06-16,NSE
ACC0086,SBIN,BUY,TXN01166,412.43,19,7836.17,2023-09-06,NSE
ACC0086,INFY,BUY,TXN01167,254.14,1,254.14,2023-11-25,NSE
ACC0086,RELIANCE,BUY,TXN01168,165.19,1,165.19,2025-07-16,NSE
ACC0086,RELIANCE,BUY,TXN01169,387.61,18,6976.98,2025-01-03,NSE
ACC0086,ICICI,BUY,TXN01170,268.97,9,2420.73,2024-12-22,NSE
ACC0086,INFY,BUY,TXN01171,246.77,12,2961.24,2025-01-18,NSE
ACC0086,SBIN,BUY,TXN01172,411.8,3,1235.4,2023-09-03,NSE
ACC0086,TCS,BUY,TXN01173,374.86,20,7497.2,2025-01-06,NSE
ACC0086,HDFC,BUY,TXN01174,233.12,11,2564.32,2024-05-12,NSE
ACC0086,TCS,BUY,TXN01175,173.82,6,1042.92,2026-01-25,NSE
ACC0086,SBIN,BUY,TXN01176,357.59,10,3575.9,2024-09-11,NSE
ACC0086,ICICI,BUY,TXN01177,457.37,9,4116.33,2023-10-10,NSE
ACC0086,TCS,BUY,TXN01178,497.99,13,6473.87,2024-01-10,NSE
ACC0086,ICICI,BUY,TXN01179,156.4,4,625.6,2025-05-13,NSE
ACC0086,RELIANCE,BUY,TXN01180,311.78,1,311.78,2024-12-18,NSE
ACC0086,TCS,SELL,TXN01181,203.23,10,2032.3,2023-11-19,NSE
ACC0086,INFY,SELL,TXN01182,483.06,12,5796.72,2024-04-25,NSE
ACC0086,TCS,SELL,TXN01183,241.37,1,241.37,2024-10-01,NSE
ACC0087,HDFC,BUY,TXN01184,320.08,15,4801.2,2025-10-10,NSE
ACC0087,INFY,BUY,TXN01185,142.06,2,284.12,2026-02-02,NSE
ACC0087,SBIN,BUY,TXN01186,183.02,19,3477.38,2024-11-01,NSE
ACC0087,TCS,BUY,TXN01187,333.2,4,1332.8,2024-11-08,NSE
ACC0087,SBIN,BUY,TXN01188,106.0,18,1908.0,2025-10-02,NSE
ACC0087,ICICI,BUY,TXN01189,187.99,17,3195.83,2024-08-29,NSE
ACC0087,HDFC,BUY,TXN01190,309.42,3,928.26,2025-11-30,NSE
ACC0087,INFY,BUY,TXN01191,418.28,18,7529.04,2026-01-05,NSE
ACC0087,RELIANCE,BUY,TXN01192,355.38,9,3198.42,2023-08-04,NSE
ACC0087,TCS,BUY,TXN01193,357.09,1,357.09,2024-05-12,NSE
ACC0087,ICICI,BUY,TXN01194,301.54,1,301.54,2025-11-15,NSE
ACC0087,INFY,BUY,TXN01195,103.98,7,727.86,2025-01-11,NSE
ACC0087,SBIN,BUY,TXN01196,367.26,1,367.26,2026-02-06,NSE
ACC0087,RELIANCE,BUY,TXN01197,157.43,6,944.58,2024-04-13,NSE
ACC0087,HDFC,BUY,TXN01198,236.91,15,3553.65,2025-01-27,NSE
ACC0087,HDFC,BUY,TXN01199,473.98,6,2843.88,2024-08-14,NSE
ACC0087,INFY,BUY,TXN01200,120.87,5,604.35,2023-09-22,NSE
ACC0087,TCS,BUY,TXN01201,122.35,9,1101.15,2024-04-04,NSE
ACC0087,ICICI,BUY,TXN01202,477.75,8,3822.0,2024-11-13,NSE
ACC0087,HDFC,BUY,TXN01203,100.55,4,402.2,2024-10-09,NSE
ACC0087,TCS,BUY,TXN01204,104.54,1,104.54,2024-08-13,NSE
ACC0087,RELIANCE,BUY,TXN01205,486.96,6,2921.76,2026-02-14,NSE
ACC0087,SBIN,BUY,TXN01206,226.06,1,226.06,2023-08-26,NSE
ACC0087,INFY,BUY,TXN01207,128.3,1,128.3,2024-07-26,NSE
ACC0087,ICICI,SELL,TXN01208,104.83,18,1886.94,2024-12-31,NSE
ACC0087,RELIANCE,SELL,TXN01209,182.35,1,182.35,2024-10-10,NSE
ACC0087,INFY,SELL,TXN01210,204.52,1,204.52,2025-07-17,NSE
ACC0087,TCS,SELL,TXN01211,194.91,2,389.82,2025-12-05,NSE
ACC0088,TCS,BUY,TXN01212,215.51,20,4310.2,2025-12-15,NSE
ACC0088,RELIANCE,BUY,TXN01213,128.08,11,1408.88,2024-05-03,NSE
ACC0088,SBIN,BUY,TXN01214,389.42,14,5451.88,2024-02-29,NSE
ACC0088,ICICI,BUY,TXN01215,197.48,10,1974.8,2024-11-17,NSE
ACC0088,ICICI,BUY,TXN01216,386.47,5,1932.35,2024-04-16,NSE
ACC0088,INFY,BUY,TXN01217,454.46,1,454.46,2024-02-03,NSE
ACC0088,TCS,BUY,TXN01218,438.13,8,3505.04,2024-04-08,NSE
ACC0088,RELIANCE,SELL,TXN01219,103.17,2,206.34,2025-01-15,NSE
ACC0088,RELIANCE,SELL,TXN01220,291.14,4,1164.56,2024-02-28,NSE
ACC0088,ICICI,SELL,TXN01221,335.1,1,335.1,2023-10-02,NSE
ACC0088,TCS,SELL,TXN01222,456.22,1,456.22,2023-12-23,NSE
ACC0089,HDFC,BUY,TXN01223,224.51,3,673.53,2025-07-28,NSE
ACC0089,HDFC,BUY,TXN01224,134.08,16,2145.28,2024-08-11,NSE
ACC0089,ICICI,BUY,TXN01225,272.66,17,4635.22,2025-05-09,NSE
ACC0089,HDFC,BUY,TXN01226,207.3,20,4146.0,2025-01-13,NSE
ACC0089,TCS,BUY,TXN01227,152.81,3,458.43,2024-02-12,NSE
ACC0089,TCS,BUY,TXN01228,321.5,5,1607.5,2025-04-17,NSE
ACC0089,TCS,BUY,TXN01229,195.41,1,195.41,2023-09-07,NSE
ACC0089,TCS,BUY,TXN01230,472.87,1,472.87,2024-04-16,NSE
ACC0089,RELIANCE,SELL,TXN01231,243.46,8,1947.68,2024-01-18,NSE
ACC0089,ICICI,SELL,TXN01232,291.7,1,291.7,2025-01-19,NSE
ACC0089,SBIN,SELL,TXN01233,379.54,16,6072.64,2023-08-20,NSE
ACC0089,HDFC,SELL,TXN01234,407.57,12,4890.84,2024-01-20,NSE
ACC0089,HDFC,SELL,TXN01235,470.25,5,2351.25,2026-02-09,NSE
ACC0089,HDFC,SELL,TXN01236,133.28,3,399.84,2024-02-09,NSE
ACC0089,SBIN,SELL,TXN01237,165.02,3,495.06,2024-06-28,NSE
ACC0089,HDFC,SELL,TXN01238,111.41,2,222.82,2024-05-14,NSE
ACC0090,TCS,BUY,TXN01239,345.5,16,5528.0,2025-11-23,NSE
ACC0090,HDFC,BUY,TXN01240,490.77,3,1472.31,2024-01-02,NSE
ACC0090,RELIANCE,BUY,TXN01241,383.97,17,6527.49,2025-08-11,NSE
ACC0090,TCS,BUY,TXN01242,174.54,17,2967.18,2024-05-18,NSE
ACC0090,ICICI,BUY,TXN01243,138.1,9,1242.9,2025-10-23,NSE
ACC0090,INFY,BUY,TXN01244,259.84,12,3118.08,2023-07-16,NSE
ACC0090,SBIN,BUY,TXN01245,101.61,13,1320.93,2024-12-14,NSE
ACC0090,SBIN,BUY,TXN01246,381.97,18,6875.46,2025-09-01,NSE
ACC0090,INFY,BUY,TXN01247,476.91,5,2384.55,2025-12-27,NSE
ACC0090,SBIN,BUY,TXN01248,319.57,2,639.14,2025-02-03,NSE
ACC0090,HDFC,BUY,TXN01249,322.9,9,2906.1,2026-02-19,NSE
ACC0090,RELIANCE,BUY,TXN01250,423.74,1,423.74,2024-07-05,NSE
ACC0090,INFY,SELL,TXN01251,269.01,12,3228.12,2024-11-16,NSE
ACC0090,RELIANCE,SELL,TXN01252,255.71,12,3068.52,2025-11-04,NSE
ACC0090,SBIN,SELL,TXN01253,104.26,4,417.04,2023-10-30,NSE
ACC0091,INFY,BUY,TXN01254,418.01,18,7524.18,2025-01-09,NSE
ACC0091,TCS,BUY,TXN01255,229.24,1,229.24,2025-05-20,NSE
ACC0091,RELIANCE,BUY,TXN01256,136.79,7,957.53,2024-10-15,NSE
ACC0091,RELIANCE,BUY,TXN01257,420.62,4,1682.48,2024-07-13,NSE
ACC0091,ICICI,BUY,TXN01258,192.75,1,192.75,2026-02-24,NSE
ACC0091,RELIANCE,BUY,TXN01259,462.57,19,8788.83,2025-11-26,NSE
ACC0091,ICICI,BUY,TXN01260,415.41,15,6231.15,2025-07-14,NSE
ACC0091,ICICI,BUY,TXN01261,114.57,14,1603.98,2024-05-05,NSE
ACC0091,SBIN,BUY,TXN01262,436.81,9,3931.29,2024-05-13,NSE
ACC0091,ICICI,BUY,TXN01263,267.57,20,5351.4,2026-03-28,NSE
ACC0091,HDFC,BUY,TXN01264,469.27,5,2346.35,2024-10-14,NSE
ACC0091,SBIN,BUY,TXN01265,334.18,2,668.36,2025-08-03,NSE
ACC0091,TCS,BUY,TXN01266,303.19,6,1819.14,2024-03-26,NSE
ACC0091,INFY,BUY,TXN01267,286.93,17,4877.81,2023-07-25,NSE
ACC0091,SBIN,BUY,TXN01268,232.86,1,232.86,2025-12-03,NSE
ACC0091,SBIN,BUY,TXN01269,206.47,18,3716.46,2023-12-09,NSE
ACC0091,TCS,BUY,TXN01270,291.53,14,4081.42,2024-01-26,NSE
ACC0091,ICICI,SELL,TXN01271,109.3,1,109.3,2025-01-26,NSE
ACC0091,TCS,SELL,TXN01272,407.01,5,2035.05,2025-01-31,NSE
ACC0091,HDFC,SELL,TXN01273,203.11,5,1015.55,2023-08-09,NSE
ACC0091,SBIN,SELL,TXN01274,155.95,15,2339.25,2026-03-15,NSE
ACC0091,ICICI,SELL,TXN01275,131.86,2,263.72,2025-06-06,NSE
ACC0091,INFY,SELL,TXN01276,345.54,12,4146.48,2025-08-12,NSE
ACC0091,ICICI,SELL,TXN01277,455.09,3,1365.27,2025-07-24,NSE
ACC0091,INFY,SELL,TXN01278,255.79,2,511.58,2024-06-07,NSE
ACC0092,TCS,BUY,TXN01279,322.36,16,5157.76,2024-04-02,NSE
ACC0092,TCS,BUY,TXN01280,337.73,15,5065.95,2024-08-05,NSE
ACC0092,TCS,BUY,TXN01281,127.82,7,894.74,2025-12-24,NSE
ACC0092,ICICI,BUY,TXN01282,240.61,14,3368.54,2025-09-10,NSE
ACC0092,HDFC,BUY,TXN01283,332.09,4,1328.36,2025-10-26,NSE
ACC0092,SBIN,BUY,TXN01284,463.39,3,1390.17,2023-10-14,NSE
ACC0092,RELIANCE,BUY,TXN01285,440.53,6,2643.18,2025-06-06,NSE
ACC0092,RELIANCE,BUY,TXN01286,409.93,12,4919.16,2024-04-21,NSE
ACC0092,TCS,BUY,TXN01287,346.45,8,2771.6,2025-08-18,NSE
ACC0092,INFY,BUY,TXN01288,249.18,2,498.36,2024-04-27,NSE
ACC0092,ICICI,BUY,TXN01289,198.3,3,594.9,2023-09-26,NSE
ACC0092,INFY,BUY,TXN01290,441.33,1,441.33,2025-04-10,NSE
ACC0092,RELIANCE,BUY,TXN01291,484.43,4,1937.72,2024-12-28,NSE
ACC0092,TCS,SELL,TXN01292,481.5,9,4333.5,2023-11-28,NSE
ACC0092,RELIANCE,SELL,TXN01293,384.67,8,3077.36,2025-01-07,NSE
ACC0092,SBIN,SELL,TXN01294,340.91,7,2386.37,2023-10-03,NSE
ACC0092,ICICI,SELL,TXN01295,108.91,1,108.91,2025-04-05,NSE
ACC0092,TCS,SELL,TXN01296,280.03,2,560.06,2026-03-26,NSE
ACC0093,SBIN,BUY,TXN01297,371.19,1,371.19,2024-07-07,NSE
ACC0093,HDFC,BUY,TXN01298,114.54,11,1259.94,2023-07-28,NSE
ACC0093,SBIN,BUY,TXN01299,456.04,2,912.08,2024-04-27,NSE
ACC0093,TCS,BUY,TXN01300,266.35,17,4527.95,2025-09-18,NSE
ACC0093,ICICI,BUY,TXN01301,146.48,2,292.96,2024-04-02,NSE
ACC0093,ICICI,BUY,TXN01302,426.01,10,4260.1,2025-04-10,NSE
ACC0093,RELIANCE,BUY,TXN01303,278.37,6,1670.22,2025-11-12,NSE
ACC0093,RELIANCE,BUY,TXN01304,223.84,8,1790.72,2023-07-20,NSE
ACC0093,SBIN,BUY,TXN01305,170.0,12,2040.0,2026-03-16,NSE
ACC0093,INFY,BUY,TXN01306,329.43,7,2306.01,2025-04-12,NSE
ACC0093,TCS,BUY,TXN01307,330.91,4,1323.64,2025-04-24,NSE
ACC0093,ICICI,BUY,TXN01308,107.12,5,535.6,2023-09-02,NSE
ACC0093,SBIN,BUY,TXN01309,189.21,8,1513.68,2026-03-05,NSE
ACC0093,TCS,BUY,TXN01310,427.85,7,2994.95,2025-01-26,NSE
ACC0093,TCS,BUY,TXN01311,116.28,15,1744.2,2024-01-22,NSE
ACC0093,ICICI,BUY,TXN01312,205.55,8,1644.4,2024-08-17,NSE
ACC0093,TCS,BUY,TXN01313,141.08,7,987.56,2025-01-04,NSE
ACC0093,ICICI,BUY,TXN01314,400.78,3,1202.34,2024-02-17,NSE
ACC0094,INFY,BUY,TXN01315,182.08,9,1638.72,2023-10-25,NSE
ACC0094,RELIANCE,BUY,TXN01316,392.61,11,4318.71,2025-06-01,NSE
ACC0094,SBIN,BUY,TXN01317,310.56,5,1552.8,2024-04-10,NSE
ACC0094,SBIN,BUY,TXN01318,479.26,16,7668.16,2024-02-27,NSE
ACC0094,ICICI,BUY,TXN01319,137.62,4,550.48,2025-05-03,NSE
ACC0094,ICICI,BUY,TXN01320,158.27,2,316.54,2025-10-31,NSE
ACC0094,RELIANCE,BUY,TXN01321,329.88,4,1319.52,2024-10-25,NSE
ACC0094,RELIANCE,BUY,TXN01322,181.64,6,1089.84,2026-03-10,NSE
ACC0094,RELIANCE,BUY,TXN01323,390.81,1,390.81,2025-10-01,NSE
ACC0094,SBIN,BUY,TXN01324,148.46,1,148.46,2026-03-18,NSE
ACC0095,INFY,BUY,TXN01325,438.38,15,6575.7,2025-08-29,NSE
ACC0095,TCS,BUY,TXN01326,152.67,19,2900.73,2025-02-22,NSE
ACC0095,HDFC,BUY,TXN01327,237.19,10,2371.9,2025-03-04,NSE
ACC0095,SBIN,BUY,TXN01328,225.03,10,2250.3,2023-08-17,NSE
ACC0095,TCS,BUY,TXN01329,301.84,6,1811.04,2024-12-07,NSE
ACC0095,ICICI,BUY,TXN01330,385.52,20,7710.4,2025-10-18,NSE
ACC0095,TCS,BUY,TXN01331,104.43,18,1879.74,2025-11-09,NSE
ACC0095,INFY,BUY,TXN01332,480.07,9,4320.63,2026-02-08,NSE
ACC0095,ICICI,BUY,TXN01333,410.17,5,2050.85,2024-03-16,NSE
ACC0095,HDFC,BUY,TXN01334,393.7,14,5511.8,2024-04-07,NSE
ACC0095,TCS,BUY,TXN01335,467.14,7,3269.98,2024-06-28,NSE
ACC0095,RELIANCE,BUY,TXN01336,461.09,4,1844.36,2025-11-05,NSE
ACC0095,ICICI,BUY,TXN01337,155.75,2,311.5,2024-12-31,NSE
ACC0095,HDFC,SELL,TXN01338,111.84,1,111.84,2024-06-19,NSE
ACC0095,INFY,SELL,TXN01339,400.86,12,4810.32,2023-10-11,NSE
ACC0095,SBIN,SELL,TXN01340,388.86,7,2722.02,2026-03-22,NSE
ACC0095,RELIANCE,SELL,TXN01341,360.37,6,2162.22,2025-03-14,NSE
ACC0095,TCS,SELL,TXN01342,347.7,7,2433.9,2024-10-24,NSE
ACC0096,INFY,BUY,TXN01343,295.71,20,5914.2,2025-10-24,NSE
ACC0096,ICICI,BUY,TXN01344,285.03,20,5700.6,2025-07-02,NSE
ACC0096,TCS,BUY,TXN01345,174.95,9,1574.55,2024-01-20,NSE
ACC0096,RELIANCE,BUY,TXN01346,389.09,1,389.09,2024-10-03,NSE
ACC0096,INFY,BUY,TXN01347,342.5,1,342.5,2025-08-19,NSE
ACC0096,SBIN,SELL,TXN01348,129.85,12,1558.2,2024-05-15,NSE
ACC0096,INFY,SELL,TXN01349,173.35,8,1386.8,2024-04-01,NSE
ACC0096,HDFC,SELL,TXN01350,125.32,2,250.64,2023-11-19,NSE
ACC0096,SBIN,SELL,TXN01351,282.06,2,564.12,2025-07-24,NSE
ACC0097,SBIN,BUY,TXN01352,493.86,14,6914.04,2024-09-26,NSE
ACC0097,TCS,BUY,TXN01353,316.07,14,4424.98,2023-10-21,NSE
ACC0097,SBIN,BUY,TXN01354,495.01,17,8415.17,2024-02-09,NSE
ACC0097,INFY,BUY,TXN01355,490.75,11,5398.25,2026-04-05,NSE
ACC0097,HDFC,BUY,TXN01356,334.19,2,668.38,2025-01-26,NSE
ACC0097,HDFC,BUY,TXN01357,414.47,8,3315.76,2025-03-11,NSE
ACC0097,ICICI,BUY,TXN01358,364.46,2,728.92,2025-01-29,NSE
ACC0097,RELIANCE,BUY,TXN01359,246.05,9,2214.45,2025-10-18,NSE
ACC0097,INFY,BUY,TXN01360,456.57,5,2282.85,2025-09-21,NSE
ACC0097,SBIN,BUY,TXN01361,311.11,2,622.22,2024-08-14,NSE
ACC0097,RELIANCE,BUY,TXN01362,197.36,2,394.72,2026-02-14,NSE
ACC0097,SBIN,BUY,TXN01363,341.89,1,341.89,2024-11-27,NSE
ACC0097,TCS,BUY,TXN01364,474.58,2,949.16,2024-02-24,NSE
ACC0097,ICICI,BUY,TXN01365,265.91,1,265.91,2024-12-05,NSE
ACC0097,ICICI,SELL,TXN01366,177.72,1,177.72,2025-04-28,NSE
ACC0097,INFY,SELL,TXN01367,289.79,1,289.79,2025-07-04,NSE
ACC0097,TCS,SELL,TXN01368,258.91,7,1812.37,2025-02-13,NSE
ACC0097,HDFC,SELL,TXN01369,177.34,2,354.68,2025-12-01,NSE
ACC0098,HDFC,BUY,TXN01370,429.7,8,3437.6,2024-06-24,NSE
ACC0098,INFY,BUY,TXN01371,190.28,5,951.4,2024-10-23,NSE
ACC0098,SBIN,BUY,TXN01372,388.72,17,6608.24,2023-09-27,NSE
ACC0098,ICICI,BUY,TXN01373,423.89,5,2119.45,2024-06-30,NSE
ACC0098,HDFC,BUY,TXN01374,275.64,14,3858.96,2026-02-24,NSE
ACC0098,ICICI,BUY,TXN01375,186.68,15,2800.2,2025-05-02,NSE
ACC0098,ICICI,BUY,TXN01376,158.24,14,2215.36,2024-04-13,NSE
ACC0098,ICICI,BUY,TXN01377,154.2,10,1542.0,2024-12-17,NSE
ACC0098,TCS,BUY,TXN01378,177.27,20,3545.4,2023-12-12,NSE
ACC0098,INFY,BUY,TXN01379,294.73,20,5894.6,2025-10-13,NSE
ACC0098,ICICI,BUY,TXN01380,425.75,11,4683.25,2024-07-28,NSE
ACC0098,SBIN,BUY,TXN01381,194.27,15,2914.05,2024-02-01,NSE
ACC0098,ICICI,BUY,TXN01382,388.87,4,1555.48,2026-01-21,NSE
ACC0098,ICICI,BUY,TXN01383,272.89,2,545.78,2025-03-07,NSE
ACC0098,TCS,BUY,TXN01384,102.02,1,102.02,2025-02-06,NSE
ACC0098,TCS,BUY,TXN01385,439.89,2,879.78,2025-05-13,NSE
ACC0098,INFY,SELL,TXN01386,165.45,9,1489.05,2024-04-21,NSE
ACC0099,RELIANCE,BUY,TXN01387,113.98,13,1481.74,2023-11-18,NSE
ACC0099,INFY,BUY,TXN01388,315.86,18,5685.48,2025-08-09,NSE
ACC0099,ICICI,BUY,TXN01389,276.14,12,3313.68,2023-11-17,NSE
ACC0099,SBIN,BUY,TXN01390,492.88,2,985.76,2026-01-03,NSE
ACC0099,TCS,BUY,TXN01391,348.67,18,6276.06,2024-08-31,NSE
ACC0099,RELIANCE,BUY,TXN01392,227.84,19,4328.96,2025-08-24,NSE
ACC0099,HDFC,BUY,TXN01393,319.85,15,4797.75,2025-12-29,NSE
ACC0099,RELIANCE,BUY,TXN01394,101.46,11,1116.06,2025-04-25,NSE
ACC0099,TCS,BUY,TXN01395,128.82,12,1545.84,2023-09-30,NSE
ACC0099,RELIANCE,BUY,TXN01396,456.25,3,1368.75,2024-04-20,NSE
ACC0099,TCS,BUY,TXN01397,119.68,16,1914.88,2025-08-13,NSE
ACC0099,INFY,BUY,TXN01398,176.01,2,352.02,2024-08-02,NSE
ACC0099,INFY,BUY,TXN01399,226.35,2,452.7,2025-10-20,NSE
ACC0099,RELIANCE,BUY,TXN01400,336.82,1,336.82,2025-06-15,NSE
ACC0099,ICICI,BUY,TXN01401,424.26,1,424.26,2025-09-10,NSE
ACC0099,ICICI,BUY,TXN01402,467.54,1,467.54,2024-10-01,NSE
ACC0099,ICICI,SELL,TXN01403,193.96,16,3103.36,2025-05-26,NSE
ACC0100,INFY,BUY,TXN01404,427.44,13,5556.72,2023-09-26,NSE
ACC0100,HDFC,BUY,TXN01405,262.24,5,1311.2,2023-10-28,NSE
ACC0100,ICICI,BUY,TXN01406,457.79,10,4577.9,2024-02-22,NSE
ACC0100,INFY,BUY,TXN01407,301.64,14,4222.96,2025-10-05,NSE
ACC0100,INFY,BUY,TXN01408,203.38,1,203.38,2023-11-26,NSE
ACC0100,INFY,BUY,TXN01409,335.64,8,2685.12,2026-01-07,NSE
ACC0100,HDFC,BUY,TXN01410,121.19,4,484.76,2024-08-18,NSE
ACC0100,HDFC,BUY,TXN01411,103.99,2,207.98,2026-01-21,NSE
ACC0100,RELIANCE,BUY,TXN01412,370.51,1,370.51,2024-06-02,NSE
ACC0100,TCS,SELL,TXN01413,408.57,1,408.57,2025-07-26,NSE
ACC0100,INFY,SELL,TXN01414,452.65,1,452.65,2023-11-27,NSE
